Index,Pupdated
0,12.7
1,1.8
2,0.1
3,0.1
4,0.0
5,0.0
6,0.0
7,0.0
8,0.0
9,0.0
10,0.5
11,0.5
12,0.2
13,0.0
14,0.0
15,1.6
16,5.4
17,3.549118791279267
18,0.10242289075570145
19,0.0
20,1.5
21,1.1473662601897212
22,1.0
23,2.5
24,0.8
25,0.1
26,0.0
27,0.0
28,0.8
29,0.2
30,0.20150898217820085
31,0.3135928077374086
32,0.10363291257846657
33,0.0
34,0.6016790560563905
35,6.5
36,1.4
37,0.10359055719273769
38,0.0
39,0.0
40,0.0
41,0.0
42,0.0
43,0.32302869739963386
44,3.4425947204654492
45,0.0
46,0.0
47,0.0
48,8.764863118126817
49,13.0
50,4.3
51,3.6
52,0.0
53,0.2
54,4.2
55,9.15295245303765
56,4.9
57,0.2
58,0.0
59,0.5
60,0.9211577054115265
61,3.6460162166553163
62,17.651521845446176
63,7.8
64,1.1
65,0.0
66,3.5
67,6.2
68,1.3724657758291203
69,0.22111410985859953
70,1.1372910765352868
71,9.989097942083237
72,11.898125336299168
73,2.0811606956644257
74,1.6116078483169036
75,1.0835916722130894
76,1.3402450555181051
77,0.33331478134186376
78,1.9555346510929035
79,11.993587836433113
80,4.595449916491741
81,1.0251405763047805
82,0.9898550703241524
83,1.1667567538317438
84,1.1770009835366857
85,1.2604199932867923
86,2.888795996768623
87,2.9423808974139254
88,0.9047373737898816
89,0.5777857684752362
90,0.47052503179720323
91,0.6239314780682089
92,2.646821750132088
93,2.8999759983372564
94,0.4823838522239454
95,0.9378937068557919
96,2.1631457591279752
97,10.375994477955041
98,10.507456102913372
99,4.194033800868841
100,5.677660726084122
101,3.464348671559558
102,3.4721340447635596
103,4.104896692150114
104,3.283037338393956
105,8.16990417369542
106,17.942332075039225
107,5.765245144169969
108,9.088199167648513
109,5.407474890326209
110,7.950668922965466
111,3.1994053790569836
112,4.1941433511543185
113,1.7539287456349335
114,2.206119686973313
115,7.775153416909168
116,3.444409118792295
117,3.935649588405836
118,8.081495099824297
119,10.964335560347928
120,13.052188327111354
121,6.5852123824836
122,27.736160529436358
123,17.32585085800192
124,11.131300220060837
125,1.9033630576503284
126,6.544622482354313
127,17.735749257808514
128,2.470640755910866
129,3.433720466067042
130,11.124550302213814
131,11.27546570053463
132,7.041231388653662
133,21.47318663525937
134,37.52363314703493
135,29.988185541908315
136,17.857460716364535
137,13.200907019435954
138,12.933233048187544
139,7.9078360150955405
140,8.540979074805938
141,9.297227566340883
142,28.43908103688037
143,8.168464407709065
144,10.767855223300257
145,6.824369771938501
146,11.249785230941285
147,15.059412435294462
148,5.003315976424089
149,10.455549227371375
150,11.818862537715855
151,4.636465901941105
152,7.097835038939247
153,12.23802122960689
154,8.120920115464164
155,13.959045833215926
156,6.793666944445478
157,13.252753936106211
158,5.214687927217286
159,8.373363170458163
160,18.926997751557337
161,16.986843374124753
162,17.99525329879353
163,2.982268452517168
164,3.018242664519228
165,3.029556856275324
166,3.478647425682438
167,4.998132520721305
168,3.0808978628125008
169,3.4014717852225185
170,2.539330919808662
171,5.767573051141778
172,5.165409503942053
173,6.290006835925993
174,3.3630845294136487
175,18.87665280619708
176,3.8306703643317053
177,6.215275569633982
178,3.5703536198734325
179,5.864253428590595
180,1.3043712299956463
181,2.7040688380749445
182,1.7757201688557656
183,1.3413313651292205
184,1.0864038249827899
185,0.895239992290329
186,7.184118519303352
187,5.958099769986813
188,4.311058359255085
189,4.900658378239125
190,0.39884326682244214
191,0.34625717514021004
192,0.3019415284943213
193,0.2643012241738675
194,0.23211328296275646
195,0.20442551303029194
196,0.18048633440006495
197,0.15969519707673965
198,0.1415669133305425
199,1.679300166997558
200,24.30347237580594
201,4.538376939187557
202,4.083686907838775
203,6.73743963173829
204,0.9584853505719794
205,0.06321161459597084
206,2.0540219495829923
207,1.5968527761912927
208,2.0276909465120108
209,0.7073172629609761
210,0.4810571227978519
211,0.034810692260384156
212,0.2531632500622164
213,0.9157800486480137
214,0.02514017019448548
215,2.2419902607322424
216,0.46415088876731486
217,0.4620872936668806
218,0.016353007895948363
219,0.01469363909918257
220,0.013204834024261043
221,0.01186864243975801
222,0.010669083021285603
223,0.009591912307444137
224,0.008624423557744275
225,0.007755271145033134
226,0.006974316837369842
227,0.22821457886854532
228,0.005641693538203052
229,0.005074650223119764
230,0.004564859523124312
231,0.4479906593063736
232,6.883898921486381
233,14.873443278907303
234,17.98029909072361
235,18.6458255054972
236,1.5340693483596193
237,0.004380013228785502
238,0.003940198981781402
239,10.81964861589098
240,2.624926945135242
241,0.013024021068718574
242,0.4517291006496431
243,0.23264703983063037
244,3.782840748388333
245,7.110978949507684
246,6.666203045559314
247,0.22908167719655978
248,0.22836215295249704
249,21.978039872375717
250,2.890439654707066
251,3.5301960422109397
252,0.006773620132717586
253,0.0060909079990160726
254,0.0054774896005964765
255,0.44873371086124625
256,0.004438496829894995
257,0.003992346620961067
258,0.0035912502258728094
259,0.003230618432299465
260,0.0029063370022694686
261,0.002614716090523168
262,0.0023524453163368893
263,0.0021165538078199483
264,0.0019043746284561956
265,0.43974710636163145
266,15.892607469103922
267,19.98641324006618
268,0.16197398328839413
269,0.31651143119567693
270,0.5410563494411671
271,0.7484297090635931
272,0.9379745630504533
273,0.850062797826312
274,1.641014357475024
275,22.904813204381156
276,10.373939372201379
277,0.5543548860913796
278,0.22004268755282996
279,0.4371426229157912
280,0.646761531142218
281,0.8591157570700905
282,0.6903780392906909
283,0.7960443906709531
284,0.25278186893832966
285,0.4587918726865159
286,14.934556092703655
287,5.329765120318331
288,5.699792206848211
289,0.2951259535295581
290,0.5572225149197808
291,0.6576692431059001
292,0.2351234028664323
293,0.1335314217535875
294,1.7480669451632056
295,5.356289737438915
296,8.082341389938074
297,10.423879834220719
298,0.7169563979313779
299,13.457688377376044
300,3.7643147926007794
301,13.966079964199954
302,14.485840706832914
303,13.372391565204971
304,0.8962315745452729
305,0.0867517954862634
306,0.05686372700069378
307,0.1664538154587249
308,0.3706197822515844
309,0.8608079297495111
310,5.320891869341892
311,6.494416710636964
312,5.158913655859205
313,0.5567004488922981
314,2.605387959367567
315,20.32560884908554
316,3.6973426963339437
317,3.504436775604614
318,1.0773614206900528
319,13.32246991027942
320,12.045460028726545
321,12.618511559959027
322,8.179868273409744
323,18.983470058837092
324,10.675928812931822
325,2.569837398789283
326,16.061978691212566
327,0.42726944140238443
328,0.10174568526497745
329,0.10228782354602634
330,0.3188809643133086
331,0.514720339397422
332,0.8764042044391525
333,2.4920961288139463
334,2.841605104289054
335,1.081927376086543
336,0.058753257602632517
337,0.0
338,0.0
339,0.3901300402811745
340,9.61881434703661
341,0.4952010480214453
342,0.3286990657562291
343,2.727300010297142
344,2.7870285884215464
345,0.0
346,0.5060503864297513
347,0.1
348,0.0
349,0.0
350,0.0
351,0.0
352,0.0
353,0.0
354,0.0
355,0.0
356,0.0
357,0.0
358,0.0
359,0.0
360,0.0
361,2.421206843218985
362,4.250381143719621
363,2.5266539193142528
364,0.0
365,0.4
366,0.20066052955972122
367,0.0
368,0.0
369,0.0
370,0.0
371,0.3148769461077281
372,0.9607297046989267
373,0.41121695638347205
374,0.0
375,0.0
376,0.40661905662970615
377,2.719060795028751
378,1.0457926134725966
379,1.0365006919040738
380,0.0
381,1.5454003757762118
382,1.666622217981434
383,0.0
384,0.0
385,0.0
386,0.0
387,0.0
388,0.10254027304076027
389,0.6342235506599065
390,3.952768078346641
391,11.625119914525358
392,4.004342644262075
393,0.3
394,0.1
395,0.2
396,0.9
397,0.902400317239344
398,0.3027885621765224
399,0.20526199415586058
400,0.0
401,0.0
402,8.880749133795367
403,1.8084546645532347
404,6.318646654847787
405,1.572152556333943
406,0.4881101076319587
407,2.8331869290692033
408,7.168485077847065
409,0.10387758408415343
410,0.10155016851529997
411,0.10016553911995477
412,0.0
413,0.0
414,0.0
415,0.0
416,0.0
417,0.0
418,0.0
419,0.0
420,0.10139886037789583
421,0.2
422,0.2
423,0.30208893798561903
424,4.827488737736122
425,4.208197917910372
426,5.475357112350161
427,4.7188124321754525
428,5.600228163716058
429,0.874814411289611
430,0.31620351875395925
431,8.132719579579856
432,1.9978089600386306
433,0.9135913228543018
434,6.90701871311909
435,2.78001666201672
436,6.955780801251426
437,4.933895770503022
438,0.5193852259075983
439,1.6524856580766845
440,0.21269870166204827
441,3.8419956132751256
442,3.848818432208182
443,5.333550577415332
444,0.2145001965253081
445,2.32603880273947
446,0.35309467077379497
447,2.9553020705074493
448,17.452104446825793
449,2.847208202723112
450,2.4521736366806763
451,1.1914522379919936
452,0.9283249762058102
453,1.5926004387466683
454,0.582555250585978
455,1.2067707320534917
456,5.462333773455825
457,7.588133816292975
458,0.315455423319508
459,0.9887380145034904
460,4.168522336559891
461,6.177025391206962
462,5.618559728701172
463,21.915670030291956
464,4.88907237287088
465,4.980802221155864
466,5.946373471922195
467,3.2325828416898488
468,3.654519116284554
469,6.894801478113459
470,15.459529477830387
471,18.20280019033532
472,7.4543385972599445
473,3.8512733519574804
474,8.882677183034785
475,4.5407305680798355
476,5.77584779046024
477,5.907847639209852
478,11.439329346054384
479,7.96866876856657
480,0.7772719713708446
481,7.207288695467364
482,12.690266837869714
483,4.514419742434887
484,11.609138461542614
485,10.51201321405771
486,0.0
487,1.0104683040400309
488,10.420050711673786
489,16.935573369456304
490,13.43021711760317
491,1.2568865396045683
492,2.1276241945174643
493,10.68394958705052
494,17.762782230181784
495,16.762280784381588
496,11.296211051439707
497,19.084516663624118
498,21.7594888913095
499,26.8342617389565
500,12.935254065248152
501,11.807637694340931
502,12.753240750939709
503,41.72387763409939
504,23.707764162814847
505,17.350506933886436
506,11.00577896610231
507,11.195402155670614
508,12.927754045869031
509,19.258149243963054
510,18.497605679342627
511,16.07968824982558
512,23.665369413994377
513,8.81122229223216
514,7.0304381969981975
515,7.227515228339533
516,10.262469970202057
517,10.463688249646845
518,19.84189200055312
519,19.796298349866486
520,13.707551787800064
521,9.509136526529957
522,8.123582895572312
523,8.944728389269196
524,11.041683736596982
525,12.313237796313585
526,9.746693347445815
527,4.090508195982472
528,5.036714492043783
529,7.794772217716669
530,3.967475102083222
531,3.075997385136229
532,7.430324033166466
533,6.924970399209928
534,6.80558079808059
535,6.049260811385444
536,13.892808738808863
537,2.1509515011393505
538,2.2795290446313583
539,4.318106590903788
540,6.437030662810627
541,6.810664581649157
542,7.058383450534454
543,8.209095532783671
544,6.372358285987795
545,7.761480885815057
546,9.758152789782107
547,17.349518994690612
548,4.305189895708232
549,13.255264459974669
550,7.9055718928802765
551,4.942165026195149
552,5.2095989663997635
553,4.097735213458392
554,4.118562485400221
555,3.1728488924327487
556,2.9535206439127375
557,2.062625355035038
558,2.6503413644691376
559,6.7983894010205415
560,2.9014153648827836
561,6.228769799468559
562,7.241622742333804
563,5.9276631903997625
564,5.3105830212418486
565,2.511038770901915
566,16.60609185992996
567,0.7592245917682465
568,2.9052153662620213
569,4.619483710417516
570,15.221103217093884
571,9.184860062927125
572,28.456374189211157
573,0.23752747500700422
574,0.4316340322197969
575,0.18552164089487796
576,0.16445044651556945
577,0.367958837652239
578,1.4614932117343886
579,0.5594913075636425
580,0.10305258232107685
581,0.9797236233834028
582,14.952247085890626
583,14.277702538181941
584,16.267435616713318
585,4.4976143592656825
586,0.052635041645205174
587,0.49095683879661156
588,0.04228735683307875
589,0.03792326961320815
590,0.03402196841649007
591,2.693836987439539
592,20.002195572287093
593,7.5706409992077095
594,2.6854080923715786
595,1.7953922827955462
596,0.2397821255073259
597,0.23797388370541422
598,0.2363511215062755
599,0.01295230871231113
600,0.23358637001569887
601,0.4543536833132691
602,0.009414200828001457
603,0.00846601688922222
604,0.00761394389894173
605,3.557921466437386
606,11.99103226300035
607,23.08751758972786
608,2.8552331270336415
609,0.8770076287221309
610,0.009088871056815221
611,0.008172933624539764
612,0.0073499378211660474
613,0.006610331117787901
614,0.00594556594664847
615,6.441668424289752
616,1.5547699757506068
617,1.3280823039398792
618,0.0050523686648649285
619,0.660430185656959
620,0.005086487135638608
621,0.004575500354525526
622,1.1138264778883016
623,0.4475870887102185
624,0.22507225318771168
625,0.0030174360309314563
626,0.0027148672271015994
627,0.4452285770312198
628,0.0023080080037266044
629,0.0020767164705248124
630,0.0018686474877777023
631,0.0016814610121324723
632,0.22345513835110153
633,0.0013615380003719015
634,0.0012252133704761961
635,0.6669288055590339
636,0.000992186292758225
637,0.21906594318736627
638,0.0011807485356850605
639,0.0010625512381952837
640,0.0009561969539889909
641,0.6595496755335379
642,0.44289205746845073
643,0.6612978061922118
644,0.21860879813739914
645,0.0023759800694188233
646,0.002137852553613556
647,0.0019236385733801733
648,0.0017309275780807928
649,0.0015575537326526154
650,0.20662471161912405
651,0.0029352215902010603
652,0.7852735948850977
653,0.0033242369946424764
654,3.0849416941113184
655,21.44164723043074
656,8.037990031167968
657,0.40704093056874235
658,0.0
659,0.16226047442258734
660,0.1350408322799512
661,0.11361390646103571
662,0.19574068990676768
663,0.352164645742875
664,0.2366369608042455
665,0.3053930884199819
666,1.3333123309451334
667,11.16644459357164
668,3.712334077543539
669,1.237354383572897
670,9.523848636185509
671,3.869002006857704
672,3.6627472472398797
673,3.032238366122058
674,1.2055206562008216
675,0.32531264948899463
676,2.697355096105211
677,5.393918069509125
678,1.8235986150946255
679,2.1455934233832092
680,1.1097785846330224
681,4.955658940658105
682,1.8708175007493832
683,0.1056443823567604
684,0.0
685,0.10616941042509073
686,0.31147127796641777
687,1.3980007877547354
688,0.6854887092255038
689,1.5985041859057547
690,0.050440605699961366
691,3.5469291835399153
692,7.09815559418931
693,10.372362671564149
694,1.192667927427462
695,0.3343964123071994
696,0.0
697,2.4627758756536857
698,4.716733312046527
699,0.1
700,0.0
701,0.2005091582022851
702,0.4
703,0.1
704,0.1
705,0.0
706,0.1
707,0.5
708,1.4
709,0.0
710,0.1
711,0.5
712,10.5
713,4.3
714,0.0
715,2.814314619172815
716,0.5058382189325404
717,0.0
718,0.4
719,0.1
720,0.0
721,0.0
722,2.0
723,9.918604642260023
724,0.32374610230304923
725,0.20674103079245135
726,0.0
727,0.0
728,0.1
729,0.1
730,0.0
731,1.9
732,0.5
733,0.6062237474664413
734,1.604405407193843
735,0.4261592239707067
736,0.0
737,0.0
738,0.0
739,0.2054951136167116
740,3.735936077735797
741,3.4507844023218652
742,4.2429799751446176
743,2.309368510922045
744,2.3038741962459586
745,5.343728086816476
746,0.2
747,0.0
748,2.7
749,0.30587185043674225
750,1.4200714064983573
751,6.10000632161693
752,1.1299468150813392
753,0.0
754,0.0
755,0.0
756,0.0
757,0.0
758,0.86706340892955
759,0.6506850687279656
760,2.0181610713731604
761,1.9906012674839841
762,6.362383741780939
763,4.2
764,2.0
765,7.4
766,7.9
767,0.9
768,1.7
769,5.9
770,2.9
771,1.3393882778752957
772,0.7630192380656855
773,0.11053205337478696
774,1.5960418703804131
775,6.542952002735282
776,14.008617981031842
777,2.7315477404760964
778,3.4
779,2.9
780,24.6
781,2.3
782,1.8
783,0.1
784,0.1
785,1.7
786,7.2
787,3.5
788,0.9
789,1.6
790,0.5
791,0.0
792,0.0
793,0.0
794,0.0
795,0.0
796,0.3
797,0.2
798,0.1
799,0.0
800,0.0
801,0.0
802,0.0
803,0.0
804,0.0
805,0.7384709370214978
806,11.474441343157938
807,2.3056094256160042
808,8.840107609544118
809,9.663795361112584
810,1.8360488236713408
811,0.4881676486691481
812,3.592288535032801
813,7.066992336917157
814,6.386377353094194
815,3.7669289797259085
816,1.916913238199383
817,6.005157821451725
818,2.8091738056969398
819,1.317785150460872
820,2.3120422420985633
821,11.53828601980045
822,13.803044061678666
823,3.805073928177113
824,1.6066527130682138
825,0.6615047056377629
826,0.5727845119225627
827,1.0373840100225369
828,2.0057295842768554
829,10.7878429406122
830,4.422961976979065
831,7.186771101740994
832,9.027028194331818
833,8.323178872583886
834,10.714589724955317
835,0.3686501322513067
836,0.7171506736376858
837,5.742809995789645
838,9.419432246075429
839,11.383106342525421
840,20.24235596631991
841,20.330367309411088
842,26.036082209542133
843,10.932996179006185
844,7.850183061884653
845,7.577333585717035
846,10.44694909606175
847,4.099990798738815
848,10.435174080655568
849,7.149932869520201
850,21.710410605433744
851,18.318934889082925
852,21.883236056910114
853,3.757305200823181
854,2.5395477313151193
855,9.79633330805871
856,16.800736156889965
857,10.822838184315703
858,14.963006919859822
859,14.267966235697171
860,16.796788756911198
861,15.563800751731273
862,26.057912099623692
863,22.44363508290347
864,22.806079444301282
865,19.210129391475668
866,14.05587581960825
867,14.892091938010266
868,7.785470180865256
869,24.548819664995744
870,19.461038465335392
871,17.810465963413648
872,5.901103110294192
873,9.609743243162361
874,11.098568698033917
875,16.197960917369294
876,15.700419971034457
877,7.499901311060338
878,6.211149114527812
879,12.446994575342249
880,13.39928383301212
881,8.262228767923808
882,10.440983920218004
883,4.083157534137285
884,8.234927834868163
885,6.852983977944655
886,9.348216558689117
887,11.180435445614155
888,20.625620571806685
889,14.501357758652212
890,6.696540702258083
891,4.789985771084847
892,4.777962575387749
893,10.540645457392799
894,8.350180096050233
895,2.8989199671924717
896,4.881598357815857
897,3.992773504214243
898,11.310709228807987
899,3.9012140981432095
900,3.2367900753916397
901,11.017958336509192
902,1.5191261570781949
903,2.369743933335044
904,2.2199786848087144
905,1.9032531834731712
906,2.1516501564522916
907,1.70203491847222
908,1.005009929736124
909,1.1944205697176762
910,1.9882600421946373
911,4.2155574075658775
912,9.342978000322692
913,1.8553663650327288
914,1.0540911425520862
915,0.9190747377206337
916,0.7673974832968288
917,0.6478466754741964
918,0.5518541303140241
919,0.4735882905844389
920,0.6308956079795769
921,0.5769377275036072
922,0.5314764280913058
923,0.7148122192970661
924,0.4598610599944336
925,0.8753546016751352
926,0.4069260438778417
927,0.6075531673894797
928,0.5889694705125462
929,0.7946527348691429
930,0.33650009871667386
931,1.6555968474355027
932,9.412494598828637
933,4.741920792467946
934,0.516350770125015
935,4.0597323096436035
936,0.9448496933691073
937,0.2730887167396333
938,3.109633505739212
939,0.046360210485940995
940,0.04153971334284202
941,0.037237432963709904
942,0.0333943651011456
943,0.029958857755651658
944,0.24882765942088175
945,1.799671302943703
946,9.34323838169057
947,2.460826100159559
948,1.1271945140407427
949,1.3473617332330678
950,0.23605902272243404
951,0.01268798130935389
952,1.1211156516534797
953,2.0077321871333904
954,3.782234398137997
955,3.5593630443016586
956,1.1171651877296542
957,0.22864655165860803
958,0.22797220265243132
959,0.005423949482941287
960,0.004878999608716261
961,0.004389031994810437
962,9.769400149359077
963,0.0035522552707748603
964,11.076461359695008
965,0.005270674871738267
966,0.004740725589974556
967,0.004264321110993531
968,0.003836001843668176
969,0.0034508742998211337
970,0.0031045506095095585
971,0.002793094833775926
972,0.002512975249293532
973,0.002261021890563131
974,0.0020343887297095773
975,0.8895988557747965
976,0.0016471198725416436
977,0.001482126033416114
978,0.0013336852015216239
979,0.2231422158234339
980,0.22302205297597763
981,0.0009718509213232537
982,0.0008745676794100867
983,0.0007870314248351471
984,3.7737236911458796
985,8.656378659632868
986,1.9980523602175908
987,2.202475509009033
988,0.0022138011425806197
989,0.001991811440590034
990,0.0017921367626225473
991,0.0016125234930308419
992,0.5782631562681875
993,0.005291804306612933
994,0.009701319957016483
995,0.008726497286618404
996,0.00785005156749327
997,0.007061974174691844
998,1.518703584684246
999,0.45241406606467927
1000,0.6561521029527668
1001,31.246321137025877
1002,26.424819315776734
1003,0.3389546034625158
1004,0.3276650046534806
1005,2.4382323885088496e-05
1006,0.004496147249372131
1007,0.035633311846008965
1008,0.5279658033766402
1009,0.32176951462487324
1010,0.10598274475334932
1011,0.30564935247968394
1012,5.171046125612453
1013,11.809519823005306
1014,10.207065288498693
1015,8.654155841083515
1016,23.630128219800753
1017,6.885511487633351e-06
1018,2.624974557887524
1019,1.5353571524012455
1020,2.5391608194627935
1021,10.171419972759956
1022,15.288732038491727
1023,14.2708500142981
1024,0.8449954772049584
1025,0.14112858019507435
1026,0.0007387327620823759
1027,0.8978860476461602
1028,6.863153018447452
1029,12.868321644347116
1030,8.791649496747638
1031,0.03888855681938102
1032,0.034211392334557826
1033,0.025158113681934137
1034,0.027249183059405508
1035,0.024125804155159455
1036,0.021398302361582067
1037,0.01900891432277954
1038,0.13105221097679073
1039,0.857008300490194
1040,2.975293491865142
1041,4.7189104574826075
1042,7.238281226255563
1043,7.466856241597382
1044,7.295116598951179
1045,0.434435807261873
1046,0.3818439932747304
1047,0.22184147426848672
1048,0.37112042441536536
1049,0.25774300847451087
1050,0.004437764716373162
1051,0.003982715583185327
1052,0.0035753518257374303
1053,0.4412350588758176
1054,0.301281506379897
1055,3.2688731683019303
1056,0.31781968555369744
1057,0.0020916068475165
1058,0.2787417882083887
1059,5.437071025695314
1060,5.217763136038519
1061,0.5898534825952928
1062,1.4616127549488644
1063,0.6868228346450913
1064,21.212379398029785
1065,8.4
1066,4.7
1067,0.1
1068,6.9
1069,8.52561552445415
1070,5.936678184461631
1071,0.0
1072,0.0
1073,0.0
1074,0.0
1075,1.1381940589293416
1076,0.5306020730185804
1077,0.10383232468327079
1078,0.0
1079,0.10145714224597291
1080,6.624203147569003
1081,0.7
1082,1.9
1083,3.0
1084,0.1
1085,0.0
1086,0.0
1087,0.0
1088,0.1
1089,0.1
1090,0.6
1091,0.6164593182126444
1092,4.7
1093,0.3
1094,0.0
1095,0.0
1096,0.1
1097,1.3885062429343562
1098,6.66056558506811
1099,0.0
1100,0.0
1101,0.0
1102,0.6104741115898646
1103,5.734567621141981
1104,2.280650659241958
1105,0.1
1106,1.6182625535413024
1107,1.0062134560278857
1108,6.564538771157147
1109,4.4
1110,0.0
1111,4.5
1112,5.8267328355432815
1113,15.20103570758245
1114,7.8
1115,0.1
1116,3.5
1117,0.2
1118,0.0
1119,0.0
1120,0.0
1121,0.0
1122,0.0
1123,0.0
1124,0.0
1125,0.6353914717931215
1126,2.631549853896514
1127,0.5012153505009337
1128,0.3
1129,9.2
1130,10.1
1131,12.9
1132,10.4
1133,0.0
1134,0.10134624880604193
1135,4.373007905670906
1136,0.5379100307543608
1137,2.6338851834580153
1138,0.10506248726843458
1139,0.10174568526497745
1140,0.10222345175855022
1141,1.7103868273266156
1142,0.30958993333877216
1143,0.0
1144,0.0
1145,0.0
1146,0.10932487012394479
1147,2.530836951020712
1148,5.332009592992291
1149,3.1170869523105766
1150,2.0459133758422263
1151,2.1605537975404747
1152,2.584860813763145
1153,10.380910296164082
1154,15.746350062393457
1155,1.6
1156,0.0
1157,0.6
1158,0.10814554244106198
1159,7.712319273450765
1160,2.0351741467599664
1161,1.9306789388465107
1162,2.232538263645748
1163,2.7027291856608313
1164,2.2624406835910857
1165,1.0615078919330028
1166,0.14339526323478807
1167,0.42648408996596404
1168,0.0
1169,0.6289641249066664
1170,1.465275370541055
1171,0.0
1172,0.105131256687964
1173,0.10418655492751228
1174,1.5
1175,0.0
1176,0.0
1177,0.0
1178,1.7169637313267427
1179,0.6476942014637896
1180,1.0333107596583444
1181,1.9637663735105724
1182,1.9647831508089921
1183,2.0631215890275345
1184,2.457412539273466
1185,5.632679292688726
1186,0.756601061530797
1187,1.6524738535887669
1188,2.2102068792325036
1189,1.510876559606186
1190,6.35146339270692
1191,4.136847805897584
1192,1.4614492437223703
1193,5.090133000973658
1194,14.13887016641177
1195,8.900310808504084
1196,11.02174007871816
1197,5.292999006332556
1198,5.474393498123515
1199,18.292269302953574
1200,31.82319205869353
1201,3.20175443276372
1202,1.4660541855910174
1203,5.644400105482196
1204,3.495979082663154
1205,8.176238716542219
1206,7.347389147529494
1207,30.285880112293185
1208,14.666747996699936
1209,3.2054622197197244
1210,1.2475874698822693
1211,7.705815403527627
1212,7.147442520453106
1213,19.35588408078958
1214,15.288807052153363
1215,10.27581438918871
1216,9.564579876452312
1217,14.262516100200575
1218,12.453778106012736
1219,1.560077431893983
1220,3.434163791475015
1221,4.378850850214574
1222,22.330363926705658
1223,24.185040489556375
1224,21.062188911586144
1225,8.508270591374293
1226,9.139911514326016
1227,20.60835016828014
1228,15.274954989956948
1229,5.8277176771528065
1230,9.68921639120914
1231,14.331814303419659
1232,10.74656378027858
1233,10.366007432952589
1234,8.07091966695942
1235,12.525755178873615
1236,20.951388145126693
1237,21.899064451162815
1238,19.96038508165106
1239,23.152765653736317
1240,17.00691963529952
1241,14.55276613074436
1242,6.211217380386947
1243,11.779906634284735
1244,15.938791853179309
1245,25.533814610762896
1246,25.392589954787542
1247,13.58901393910601
1248,9.998692342765663
1249,14.892594679057542
1250,17.819791655171525
1251,20.74093140411686
1252,12.289830849294917
1253,11.126992370167851
1254,11.797536333076762
1255,24.976041950215855
1256,23.549101639286317
1257,13.105395381818909
1258,26.978344391366598
1259,16.23373947043116
1260,20.435398965438676
1261,25.853239072466494
1262,25.438244164114302
1263,22.484866647007674
1264,5.692751172715593
1265,2.499661773084803
1266,2.7502482790316414
1267,3.263697857859584
1268,3.602603993569761
1269,5.558759882066869
1270,8.56617878866367
1271,5.885989321549459
1272,7.9589804746210335
1273,8.192112589778006
1274,5.734761896417244
1275,6.161077375838919
1276,4.855557133732646
1277,4.059617187608692
1278,4.791861220602022
1279,5.362122069050492
1280,5.5486043541561605
1281,5.395899655385247
1282,4.615930523350125
1283,4.0002625217374765
1284,3.7040967154616085
1285,3.197712683090957
1286,2.982505148079621
1287,2.676945969597319
1288,2.239637040178694
1289,3.162378131264436
1290,2.110600548657223
1291,4.895326636499407
1292,5.321235714018608
1293,1.8080916063126695
1294,0.9977095243504375
1295,1.1038800675049192
1296,0.565798581683667
1297,0.4881399884018628
1298,0.4234036362489003
1299,0.8128136442099596
1300,2.542141062283921
1301,10.048700711512648
1302,12.234202544439949
1303,1.5516816911049145
1304,1.9701382907429088
1305,2.6138094043723314
1306,0.37501633705971615
1307,0.8019086967057907
1308,0.5650215417245699
1309,0.3299024030542136
1310,0.096316874363761
1311,0.08600867412949335
1312,0.0768669001971425
1313,0.06874713812463255
1314,0.2834673518994252
1315,0.055094154674027444
1316,0.04936096278740024
1317,0.044244961503691116
1318,2.2590965587345027
1319,0.7014178603357342
1320,0.03193856133913706
1321,0.25061111040515494
1322,8.903424449525561
1323,9.344685265692823
1324,0.9085345553747549
1325,3.7916729324150724
1326,2.680070841217824
1327,0.015068308152729344
1328,2.4549074766518304
1329,7.55820727206005
1330,2.67425272289932
1331,0.009843999964072573
1332,0.008852366283651056
1333,0.4518454462106601
1334,1.7826970882835222
1335,0.006440544776839799
1336,0.0057933908924446284
1337,0.005211543508931191
1338,0.22663044301496962
1339,1.3358703836848527
1340,2.4451576853324877
1341,0.2253562928171654
1342,0.00307191623866897
1343,0.8905323546602468
1344,7.326575816038838
1345,0.66806413014656
1346,1.777550387446183
1347,0.6676382927189011
1348,0.0016305911057388274
1349,0.0014673330582700209
1350,0.0013204386497723977
1351,0.0011882643180240048
1352,0.0010693322273714282
1353,3.108151488806628
1354,0.00086601279028609
1355,0.0007793553847326112
1356,0.0007013743892019152
1357,0.0006312001340213527
1358,1.1050750137566756
1359,0.44234663594967055
1360,2.6644909877926786
1361,0.22300932112712185
1362,4.439802075031336
1363,2.8612490397842594
1364,5.766514760825755
1365,7.726901174373488
1366,0.8861153769692731
1367,0.6360029326937743
1368,2.6544324679215574
1369,18.75710907538163
1370,14.250508098361863
1371,12.382884357455442
1372,6.063172027686933
1373,0.40125581889737216
1374,4.964277998952193
1375,0.06266012521673095
1376,0.15929053981395802
1377,1.3148535777814523
1378,3.0381960372676167
1379,0.7760142326821255
1380,0.9071529428907936
1381,1.3075353036926902
1382,4.841815870631722
1383,0.46532975716525066
1384,0.6200142600780304
1385,0.4903577689792209
1386,5.815805962577806
1387,2.727572151951434
1388,0.17853146127161099
1389,1.031957259088181
1390,39.00833400622391
1391,2.015879759599077
1392,0.06887454597119855
1393,0.1802567855394273
1394,0.3140069837661443
1395,0.2664221724475115
1396,0.37782358465758104
1397,0.13570255016181643
1398,4.962762404354361
1399,2.2080295819316245
1400,6.449928530184138
1401,14.36700091531484
1402,2.9501998592591536
1403,0.9431513245155005
1404,0.9241079182190994
1405,17.6060987293909
1406,14.79965877095613
1407,14.349429350921573
1408,17.436750589635313
1409,2.5
1410,0.20325665654474784
1411,0.10259913139452197
1412,0.0
1413,0.10504153904525484
1414,0.0
1415,0.0
1416,0.0
1417,0.0
1418,0.0
1419,0.0
1420,0.0
1421,0.0
1422,0.0
1423,0.0
1424,0.20444155364886665
1425,0.4043489001338035
1426,8.98615750275966
1427,10.4
1428,1.2
1429,6.3
1430,1.7
1431,0.7
1432,1.1
1433,0.7
1434,0.30537020128124415
1435,0.0
1436,0.0
1437,0.0
1438,0.0
1439,0.0
1440,0.0
1441,0.0
1442,0.0
1443,0.0
1444,0.7
1445,0.0
1446,0.0
1447,0.3
1448,0.6071573095864075
1449,1.9833346503368603
1450,15.149931839290401
1451,1.0
1452,5.2538134497105355
1453,1.6840407865248812
1454,2.0867004159898666
1455,8.03615893121693
1456,9.736512330944919
1457,4.696046918696601
1458,14.562457152785427
1459,6.2
1460,1.4
1461,2.0
1462,4.1
1463,0.2
1464,0.8312560790300723
1465,5.0461416223618185
1466,3.0195608695311145
1467,2.811688501339414
1468,7.303134232720217
1469,6.889995590334038
1470,10.27019669017438
1471,0.0
1472,0.0
1473,0.0
1474,0.0
1475,0.0
1476,0.0
1477,0.0
1478,0.0
1479,0.0
1480,0.10278883865502494
1481,0.6475075775683146
1482,2.1988494281293476
1483,9.6
1484,5.8
1485,17.4
1486,13.6
1487,1.5
1488,4.1
1489,7.320542620442119
1490,7.624345055118392
1491,2.378372105348662
1492,0.9395094958111673
1493,1.953309199076724
1494,13.986624592553436
1495,1.764613947885369
1496,0.7
1497,0.0
1498,2.2446828286093266
1499,4.889673095716736
1500,2.216130131848392
1501,2.3
1502,0.10112676048921272
1503,0.0
1504,0.0
1505,0.0
1506,0.21938659177925957
1507,7.589334506543649
1508,0.9733772166541625
1509,3.77241449413553
1510,7.797006652764008
1511,0.42594821060534366
1512,0.0
1513,0.0
1514,0.0
1515,2.6814514609787468
1516,24.239756749464867
1517,15.137657376147953
1518,4.6
1519,1.1
1520,0.0
1521,0.2
1522,0.10675804889709088
1523,0.11025735713633927
1524,7.860718539921177
1525,7.6370321038554465
1526,3.4335736978026143
1527,22.376042493982407
1528,6.0029954306336695
1529,8.12031825374697
1530,3.5465879755090852
1531,0.1
1532,7.2
1533,1.9
1534,1.4
1535,1.1
1536,3.7
1537,10.907027057003196
1538,8.5
1539,0.0
1540,0.0
1541,0.0
1542,0.0
1543,2.223818062788755
1544,7.891125808137618
1545,6.319174226252226
1546,0.4202499490737383
1547,0.10660396029486749
1548,0.0
1549,0.8909187151525116
1550,0.325833006027368
1551,0.75548
1552,7.363284127989592
1553,8.699321289512575
1554,6.216931980692671
1555,1.1381261930091786
1556,0.5798072494558655
1557,4.127356393646101
1558,6.768084760283131
1559,4.636128562099741
1560,2.562758218711158
1561,5.477618802001162
1562,19.96825480889715
1563,9.78379036638856
1564,1.0735905005124955
1565,2.395867963750765
1566,14.314204287624175
1567,8.349714620208808
1568,6.742809441149272
1569,8.066119936708498
1570,0.2
1571,0.0
1572,0.6753865985337644
1573,2.3318001788586638
1574,17.581930721269828
1575,14.444406256240834
1576,0.14282095452476412
1577,0.40259446443976615
1578,0.5263374998974305
1579,3.386042023421234
1580,10.582408728833071
1581,7.718533783634433
1582,1.5994607506588543
1583,1.2528401988934896
1584,2.8718779568792825
1585,2.4021294653975067
1586,5.00519253640674
1587,11.441548590442592
1588,24.51765987018755
1589,17.38824663771711
1590,12.361179703484444
1591,6.166132509219741
1592,6.24183385163585
1593,10.573258884070363
1594,14.49824058517592
1595,14.05895595015614
1596,16.912101338782474
1597,22.561543152572597
1598,19.09010823345234
1599,23.81529309610738
1600,27.325486037826117
1601,21.6595316934436
1602,21.05544308840926
1603,14.008424169521675
1604,8.972706939912902
1605,9.702955058028197
1606,13.676164473187416
1607,12.509077965680957
1608,30.142763576037353
1609,18.87429931978746
1610,10.090891971319786
1611,13.489270248736188
1612,31.576368994525307
1613,14.441380718802701
1614,21.23861820588526
1615,17.914107637080548
1616,8.157357321906142
1617,10.90200305688648
1618,11.363478558765923
1619,13.011869376786017
1620,10.462239442169217
1621,3.7294703802995564
1622,4.259124796354279
1623,6.335471100963627
1624,19.118284764802237
1625,15.86143063595268
1626,20.280489417390875
1627,15.295917434120716
1628,12.241843378473481
1629,13.464695634297938
1630,12.86146488931428
1631,6.344191998690756
1632,6.736314246130209
1633,7.598101298178594
1634,7.402971628166403
1635,7.242752305488583
1636,6.3456261375216165
1637,5.880289819092802
1638,6.029594831479191
1639,5.874946883273775
1640,5.687426680415683
1641,3.090716122763065
1642,3.0879941359885037
1643,2.7365507384275585
1644,2.322494904351922
1645,3.257884087519423
1646,3.522878425766079
1647,19.298976629634353
1648,36.352190737239034
1649,21.562954016815993
1650,2.802637120480979
1651,1.6083752167816163
1652,1.8673445402290154
1653,2.3070226814796633
1654,2.528325402473347
1655,2.025899809432079
1656,2.4829823120173806
1657,2.6705271185414254
1658,1.589439608199969
1659,0.9957160192012998
1660,3.0964294591522714
1661,1.890985613236845
1662,0.48098291365856355
1663,5.2987913172492505
1664,4.80055738796655
1665,8.083781577765173
1666,1.6083896314373067
1667,5.125990540065824
1668,0.21442549760858715
1669,1.0772231988276815
1670,2.3871608635601413
1671,0.14878459648206835
1672,1.241892943664071
1673,1.0053670280407503
1674,1.4364068164152752
1675,9.193041205843734
1676,4.0783434879575635
1677,3.6255710600162647
1678,0.06660828834456557
1679,0.059595328873151464
1680,2.494716358966606
1681,4.042748951313627
1682,3.8158456188792824
1683,1.3700532411455004
1684,0.478326991182826
1685,0.030903648015441546
1686,1.3593893270632589
1687,4.241801095610164
1688,0.2429422390386676
1689,1.7957609919213122
1690,13.37981403849015
1691,0.1274849317422649
1692,0.11378562637662623
1693,0.543803604269034
1694,0.09105871566327194
1695,0.08146313757594746
1696,2.9581710628523656
1697,7.833289043619367
1698,27.13546518235517
1699,3.8254893184724494
1700,0.4878913053331045
1701,0.042539164018352595
1702,0.7040030233894394
1703,0.9220399658350449
1704,0.2513908115415343
1705,0.027774898210061422
1706,0.024950900884286153
1707,0.0224182528471768
1708,11.783076537380976
1709,0.23720188988464067
1710,0.016564565023813173
1711,0.01489143958387588
1712,0.013388818207241523
1713,0.45326870625309984
1714,1.5646886252653034
1715,13.879695970405049
1716,1.1267277052328317
1717,0.041325840163162986
1718,0.037073081235187384
1719,0.25157699341894213
1720,0.24475332226841715
1721,0.0279054192858902
1722,0.014851027985169662
1723,0.023551197190351748
1724,0.021156126652293075
1725,1.7888942035083977
1726,0.0055313913187787205
1727,0.03963174457577832
1728,0.03558119465007039
1729,7.3671935710817404
1730,0.7031412076968729
1731,0.04649797932339367
1732,0.04171511567711505
1733,0.03743638081779255
1734,0.033606297194469024
1735,8.208906210864281
1736,4.802751720572333
1737,0.13363292888827233
1738,0.00027324507807358056
1739,0.00024587726914363075
1740,0.070151354281857
1741,0.24187704763972903
1742,0.12098023289591135
1743,0.08301136885470181
1744,0.04581425207835728
1745,0.39642137034239944
1746,2.275657897634787
1747,0.2735137722876106
1748,0.6517896349323278
1749,0.41753989699312377
1750,0.19781876946785534
1751,10.296032468377357
1752,1.3394217437866582
1753,11.37577252509602
1754,8.610893072853859
1755,2.4451227451622124
1756,3.5837598949663056
1757,8.932751755421322
1758,0.7195169304027059
1759,0.0009251169322053891
1760,3.0704129418157016
1761,31.367491868969356
1762,19.994632709652556
1763,5.879993884087694
1764,0.6461116376090381
1765,11.474103193914962
1766,34.81310880449511
1767,6.434856085586817
1768,0.10222345175855022
1769,7.675007761971523
1770,31.810393444556166
1771,2.2170079621530663
1772,0.0
1773,0.0
1774,0.0
1775,0.0
1776,0.22558821610144647
1777,0.2699166644548233
1778,0.32963664496737816
1779,0.2987437303626646
1780,0.36549952475649006
1781,0.22630750362923446
1782,0.28546224226877276
1783,0.23141015803937323
1784,3.66545238317859
1785,1.9618074388149536
1786,0.5740682168434161
1787,0.3164075702848248
1788,0.21520968186501618
1789,0.0
1790,0.0
1791,0.0
1792,0.0
1793,0.0
1794,0.0
1795,0.0
1796,0.10693809070006041
1797,0.21595423748498369
1798,15.44632229667917
1799,16.222124850684043
1800,3.2497899797315304
1801,0.1
1802,0.4
1803,0.7135563371358404
1804,3.1893397095090914
1805,10.993034431540979
1806,8.286646513405506
1807,4.457992829267434
1808,0.0
1809,0.0
1810,1.2546981383026263
1811,4.125201881148927
1812,4.642998538067635
1813,5.348189359976612
1814,1.2383633758635575
1815,4.1562866895922
1816,10.23486909120544
1817,14.348364850427348
1818,16.794683923087533
1819,4.7
1820,0.4
1821,0.0
1822,0.1
1823,3.3
1824,2.1
1825,8.2
1826,1.7
1827,0.0
1828,0.0
1829,0.0
1830,3.5
1831,2.4413145512711325
1832,0.10152043555336746
1833,0.0
1834,0.0
1835,0.0
1836,0.5
1837,3.1
1838,2.0
1839,0.3
1840,0.5
1841,3.3
1842,1.6
1843,0.0
1844,0.0
1845,1.2
1846,1.0
1847,0.3
1848,2.4
1849,1.6
1850,7.203868260101414
1851,1.0
1852,2.4
1853,2.7
1854,0.6
1855,2.9
1856,5.146778447524225
1857,14.713204096973168
1858,2.3977865310526876
1859,0.20489761699340894
1860,0.6
1861,0.1
1862,0.2
1863,1.51503228978175
1864,0.20812203039073715
1865,0.0
1866,0.0
1867,0.0
1868,0.0
1869,0.0
1870,0.0
1871,0.10297358252763107
1872,0.30990373917655517
1873,0.5
1874,0.3029856112475782
1875,1.7655057751260437
1876,3.3582622259715063
1877,5.626656300266328
1878,9.211994887482309
1879,12.927451354696036
1880,5.4
1881,0.7
1882,0.0
1883,1.036833959091024
1884,3.7533376081643395
1885,17.86927740126816
1886,0.32177118909036145
1887,10.018812242648105
1888,5.6
1889,13.8
1890,0.1
1891,0.0
1892,0.10153316705880627
1893,3.641978834422257
1894,4.308024159117464
1895,3.399231311582385
1896,10.984859716709227
1897,0.8431855677859035
1898,6.5482750823178355
1899,0.10654050079278214
1900,1.3010287725503398
1901,1.2505537407176865
1902,0.9825079959137986
1903,3.5160397535595087
1904,12.910547465049826
1905,11.758820188292049
1906,0.5357218929222235
1907,2.35783353070168
1908,0.5521436437147148
1909,1.2914931491424029
1910,2.1674222969469907
1911,14.018034726865052
1912,2.9684383542830526
1913,2.927705509070317
1914,20.046883658792662
1915,1.5259951698459107
1916,0.8474039604348803
1917,0.10981395882650603
1918,0.5014904621836938
1919,4.116375821368004
1920,5.4395164201008885
1921,0.5714431894412124
1922,2.6934670346284886
1923,3.9204210512452247
1924,0.8545802739746473
1925,1.860951142178612
1926,2.450588620308162
1927,4.0309121377394295
1928,13.145248499442697
1929,5.3891231025624915
1930,27.53241029165661
1931,1.61485987270813
1932,1.5998354218197215
1933,16.409090856388197
1934,0.8017340516774363
1935,0.11028231929441479
1936,4.557951625213272
1937,5.311516576458777
1938,0.579363731330927
1939,0.3185714376913496
1940,0.20682463291983608
1941,1.2906091210240411
1942,4.276716272132671
1943,4.273538435679815
1944,2.5561889619157023
1945,3.216358876950179
1946,20.25729837998292
1947,10.091519811519708
1948,5.088200519744469
1949,2.482561422571762
1950,2.1514400470657606
1951,1.326998315794116
1952,3.7088868074736228
1953,21.982833460237885
1954,18.319452908377524
1955,1.6611654390655142
1956,2.65453424591717
1957,12.458734481619635
1958,6.709293073621668
1959,19.123020370756436
1960,13.325582415329261
1961,14.087239020747786
1962,24.38659481814702
1963,28.1685239430637
1964,27.592818477194665
1965,29.38518839435158
1966,17.942507571220993
1967,20.50617533969961
1968,19.9507613563065
1969,28.241055883146338
1970,25.182157761668947
1971,16.228579898771606
1972,12.835454209504183
1973,20.438279501597854
1974,23.79161048073558
1975,25.466815476727835
1976,19.145549904952183
1977,31.653978641595046
1978,34.66392859783439
1979,13.430221362364495
1980,16.843706732602733
1981,21.963832667787944
1982,20.921861214392802
1983,14.522641630416897
1984,16.141427672311664
1985,20.35438742653805
1986,24.750012565848643
1987,21.852393552036624
1988,19.144826077853693
1989,11.917550602275595
1990,15.535635527237353
1991,34.85027647187463
1992,18.530817956480426
1993,6.933064970828769
1994,8.821035972057155
1995,16.625085708082814
1996,8.228643403209063
1997,7.298678830988088
1998,13.505814982483383
1999,26.96035528649754
2000,28.127218662712004
2001,15.556805236545578
2002,3.5949750887558047
2003,5.1494388819919665
2004,5.540493268540316
2005,7.458819432224258
2006,14.911671212908848
2007,21.83946415954127
2008,27.081998665072383
2009,26.9832836176667
2010,10.913460799453667
2011,7.127447872683135
2012,7.052490800902338
2013,7.026825252378876
2014,4.914848696591433
2015,4.108209349895085
2016,4.862476065649246
2017,3.744822264718017
2018,7.686065028391917
2019,4.444246360685691
2020,3.8261962283683895
2021,3.353165949743872
2022,2.642824329865363
2023,2.1980666406227938
2024,2.116586420440229
2025,2.0497530949009244
2026,7.126426214995017
2027,15.770096860454732
2028,5.355760806963408
2029,11.406316879111209
2030,1.8890250841737526
2031,2.802238499383866
2032,1.240352234333845
2033,1.0725973712134376
2034,0.903767767891155
2035,1.4225149815558562
2036,9.074034965762724
2037,0.5463783272861856
2038,0.6915536164305477
2039,4.401002848562195
2040,9.896368350364437
2041,18.285268678681625
2042,4.042782589196815
2043,0.23706423529331863
2044,0.20890140649621616
2045,0.1845271518776842
2046,1.0511079008628867
2047,10.354187188135834
2048,0.7944902696759168
2049,13.430974053920334
2050,2.0994118435400395
2051,0.7567136437599089
2052,18.50231196672943
2053,19.60336765865055
2054,2.5061465775294502
2055,18.70109258961012
2056,20.0266704912746
2057,1.6000653973635326
2058,0.04164389008605959
2059,0.03733488831754319
2060,0.0334850257607167
2061,2.027521567082919
2062,0.24890510631630516
2063,0.024205847093228115
2064,0.0217361641433879
2065,0.019522929574847785
2066,17.772905372135128
2067,25.965135377541397
2068,0.20741554257663763
2069,0.1838255178103012
2070,1.8601228384979875
2071,0.8006195337139324
2072,0.3583477389405425
2073,19.671761878257637
2074,0.6053354979180146
2075,0.16410541477279986
2076,0.5737912103809362
2077,0.1315909417424107
2078,0.3391951729567394
2079,0.3218702079482792
2080,0.3053109555889081
2081,0.26961569094447735
2082,0.0799060167698975
2083,0.0714802701353791
2084,0.06398310886281082
2085,0.9369002311776854
2086,1.161909942500332
2087,0.04679165331212323
2088,0.04196122896686943
2089,0.03764327577381703
2090,0.03378076449734329
2091,0.030323520431410348
2092,0.9003558052778923
2093,18.614578044586754
2094,8.56139623975006
2095,15.946776453556158
2096,1.147762602770085
2097,3.47367929392023
2098,1.5503986832477779
2099,0.0696569678538926
2100,0.06231705980243731
2101,5.254074506485443
2102,14.352690061255856
2103,13.48706734427184
2104,0.5618720719886217
2105,0.13561852111025374
2106,0.12075045941814658
2107,0.10763544409516775
2108,0.09604238476933931
2109,4.811209709089211
2110,20.46076550788953
2111,16.05224769799981
2112,15.433493904835055
2113,4.287940411444461
2114,5.943790295379002
2115,0.6358664736789031
2116,4.3726809736201355
2117,11.898088134382835
2118,25.037580080472722
2119,7.991322966606862
2120,3.512925653375575
2121,9.304730319857817e-10
2122,8.37425728284649e-10
2123,0.06346578835704977
2124,4.33541781583544
2125,1.3131953879363505
2126,16.690771961325794
2127,3.5043867305372145
2128,33.27315686210171
2129,9.311989101955723
2130,3.60484315728031e-10
2131,0.5562030655073568
2132,15.350512004983242
2133,13.519915946868187
2134,0.2944515733254749
2135,0.0007175533482103806
2136,1.0179236976249637
2137,11.915255011801008
2138,8.358208329953543
2139,0.5277320887031226
2140,0.20466918227499992
2141,1.8
2142,3.5
2143,2.4
2144,0.4
2145,0.0
2146,3.147351712812513
2147,10.364096861662588
2148,7.697726574475312
2149,8.549780372058716
2150,0.10232407496120491
2151,0.0
2152,0.0
2153,0.0
2154,0.0
2155,0.0
2156,0.0
2157,2.524232071378916
2158,1.820711777039048
2159,0.41415766765357853
2160,1.0220029080273199
2161,0.42075152624846424
2162,1.285310879905854
2163,1.1863665598710156
2164,2.3020687237222504
2165,0.813064179951928
2166,20.71710051206609
2167,0.48357542198614
2168,0.0
2169,0.0
2170,0.10482735415111108
2171,4.992242251350383
2172,1.793671592579047
2173,2.5336774295698796
2174,2.218938026982587
2175,2.4465605868254134
2176,0.6346359826437569
2177,0.10373279508787729
2178,4.792683844023234
2179,2.3
2180,0.9
2181,0.202046665483077
2182,0.8
2183,0.1
2184,0.0
2185,7.5
2186,2.6
2187,1.1
2188,0.1
2189,0.5
2190,0.2
2191,0.4
2192,1.5
2193,1.5
2194,0.3
2195,0.4
2196,0.2
2197,0.1
2198,0.0
2199,0.2
2200,0.7
2201,0.5
2202,0.0
2203,1.1
2204,0.8
2205,0.0
2206,0.0
2207,0.8
2208,8.4
2209,1.0085605719724855
2210,1.1
2211,0.6
2212,0.0
2213,0.0
2214,0.0
2215,0.0
2216,0.2
2217,0.1
2218,0.2
2219,0.1
2220,0.0
2221,0.0
2222,0.2
2223,2.2
2224,0.2
2225,0.0
2226,0.0
2227,0.0
2228,0.0
2229,0.0
2230,0.0
2231,0.0
2232,0.3
2233,4.6
2234,0.4
2235,0.0
2236,0.0
2237,0.0
2238,0.6034355086014755
2239,0.20977042450630784
2240,1.1202044094581303
2241,1.7
2242,4.364994842853367
2243,0.0
2244,1.77007679420838
2245,1.8
2246,0.0
2247,0.0
2248,0.0
2249,0.8499153679527138
2250,1.4809587859013253
2251,12.058278618989696
2252,0.6864136179405115
2253,0.9874449293362537
2254,1.3869860485627297
2255,1.029797777701378
2256,0.8924980594002566
2257,2.520865468082931
2258,7.862028499853746
2259,3.817078374220406
2260,1.410191023312664
2261,4.600016327760564
2262,1.6701978994140512
2263,0.616407992209345
2264,6.0160596229304515
2265,5.72605213555211
2266,3.0892362860182936
2267,1.574724275280835
2268,0.1736102750000752
2269,0.2351296768418345
2270,0.332470264606034
2271,0.4268866132714817
2272,0.1318922517628844
2273,0.6665703018822184
2274,0.9002452737997654
2275,4.280772643780274
2276,4.930469584142411
2277,3.35603711732913
2278,1.0
2279,4.0
2280,5.897698856258695
2281,5.154217385327049
2282,1.5758119885125927
2283,2.0656751339625328
2284,2.5001879311018778
2285,2.804419436005297
2286,4.02309868519597
2287,5.684469407279523
2288,9.487882364530622
2289,11.23253598520503
2290,6.606074586849618
2291,10.316146256697113
2292,9.296152497249544
2293,17.598000002129005
2294,12.510105618893391
2295,11.126638708154633
2296,5.79959721158515
2297,7.496609683658457
2298,16.04925010156839
2299,2.2395898683763766
2300,4.522862700754669
2301,8.216504292319517
2302,8.240243501197975
2303,9.354411838002715
2304,13.849337704655536
2305,12.169478413211827
2306,12.276870045241253
2307,13.910917889769653
2308,9.28901888061324
2309,8.59702268379697
2310,8.877195795790023
2311,18.06256092413041
2312,9.360593466110823
2313,10.59209177984817
2314,9.271998517119538
2315,6.456657612517926
2316,6.4140402244992405
2317,10.927370371898935
2318,10.707859780510038
2319,5.8069311603612475
2320,4.235466430420419
2321,11.430489556189215
2322,1.1671599422128751
2323,2.3340681186369636
2324,5.329003011673028
2325,4.6668034640404095
2326,7.564916075165224
2327,7.989723648362134
2328,4.702573355763258
2329,1.2961516200360548
2330,1.7830102702311303
2331,2.6887550548943566
2332,4.548653476565741
2333,5.831462091467681
2334,10.109626493892128
2335,9.383425550797728
2336,3.9632824314558155
2337,6.432413982638591
2338,3.8673220731121223
2339,2.5077760656185073
2340,10.788159909780058
2341,10.721805253330103
2342,2.9183840315652776
2343,1.6167770371804842
2344,5.122975397777062
2345,4.036433499478344
2346,3.7758096642421943
2347,3.227577877188941
2348,3.5562462395810064
2349,5.95452090061762
2350,8.10906816665415
2351,40.05540383906488
2352,20.758219607633723
2353,15.443414359388756
2354,13.489939605727411
2355,2.9405055362918087
2356,3.232502458919077
2357,2.430160461268535
2358,16.61199200601043
2359,2.132702438795111
2360,1.8353121859925563
2361,1.8929826628468542
2362,2.4109721342083494
2363,1.3699081906206172
2364,1.8422335933700384
2365,4.592472599287264
2366,1.0537457091625733
2367,1.255293077094708
2368,1.7334038749686846
2369,1.5994192201869801
2370,1.3915947762021534
2371,1.0105861064056105
2372,11.317161755226303
2373,1.4520294766213677
2374,1.5930062331492922
2375,1.7483001293895528
2376,0.3611635000323708
2377,8.082501711781148
2378,12.259881505285026
2379,15.555284553815474
2380,5.09504414816368
2381,0.8531412934769804
2382,2.1631075304387353
2383,0.368684393558372
2384,1.4618873516894375
2385,0.5596450029563135
2386,0.10303411333824071
2387,0.3137579839398578
2388,5.852399740935242
2389,10.504411382051583
2390,0.28729734028596265
2391,0.05844767569011487
2392,0.05230474458168797
2393,0.4907192256483374
2394,0.7077856969903917
2395,1.8131457584230604
2396,0.9214922991993985
2397,3.8032670018044294
2398,9.792597566487629
2399,1.1340767888765302
2400,0.02187738550135878
2401,0.019647416673628435
2402,0.2395906760839877
2403,6.230234566226466
2404,0.68007462178173
2405,0.012805578741472616
2406,0.011510512317388562
2407,0.010347734112913017
2408,0.8970718158123805
2409,0.45224963371663374
2410,0.0075227192069171386
2411,0.006765432248952542
2412,1.1157952516968295
2413,0.22741515012609315
2414,1.1146335231470206
2415,1.3360811472152814
2416,0.2259261233816392
2417,0.0035842273572558384
2418,9.10285010695485
2419,3.7759167028437437
2420,1.1123208208286606
2421,4.6631325192331055
2422,10.211449252840929
2423,0.6677279072168583
2424,1.555305756479772
2425,5.772033974801801
2426,3.1085747776474135
2427,0.8890152074105423
2428,0.0011220463918513487
2429,0.0010097299641241486
2430,0.0009086664359161266
2431,0.0008177264739041525
2432,0.0007358944475827386
2433,0.0006622569124423523
2434,0.0005959922727641291
2435,0.0005363615007369638
2436,0.0004826998019522653
2437,0.0004344091291504294
2438,0.000390951456572011
2439,0.00035184273657004454
2440,0.00031664746841000255
2441,0.4441691417267785
2442,5.992692736010371
2443,8.43403000675244
2444,1.1099181498559483
2445,3.5505388561428575
2446,2.6051219003303636
2447,1.0704932801728133
2448,0.9959767987340874
2449,1.0333621292266404
2450,0.8620206645796842
2451,12.520796011302714
2452,13.202903711674562
2453,0.5226156764083322
2454,0.2937595635096041
2455,0.2594680765051011
2456,0.22965662316454266
2457,0.20364251118235877
2458,0.18086664967239063
2459,0.1608672884817788
2460,1.2480502310113892
2461,4.545525224374582
2462,0.759917694556366
2463,4.138936595691254
2464,0.5419984571754553
2465,4.543465440388623
2466,49.29590555750123
2467,10.383880348296046
2468,53.96066566984271
2469,9.025351272636687
2470,8.584092991640073
2471,7.339767710745646
2472,1.567107293098932
2473,0.5567564599385673
2474,0.7496207537612581
2475,0.7300900624744461
2476,1.1893080962023992
2477,9.489003169262837
2478,3.3418312615512846
2479,5.184539409764201
2480,0.12193008288285087
2481,0.764937070460056
2482,14.03228837144961
2483,1.8343572969841557
2484,1.4295706073193122
2485,2.907337138607555
2486,1.5045221056698775e-10
2487,0.14913058959383482
2488,0.00018516405626569214
2489,0.38988454708962034
2490,0.20185881875738862
2491,3.9515928298342553
2492,6.947710970850023
2493,5.485073630809147
2494,0.754248152569299
2495,0.7904141285225814
2496,0.7872522590145878
2497,0.2027112832162274
2498,0.02224264805950708
2499,0.09667456265043103
2500,0.04242234562172309
2501,0.05307344432569625
2502,0.0337032381587344
2503,0.030085589832212246
2504,0.01392457099092416
2505,18.447159295741578
2506,8.41553774701831
2507,0.10963961270595132
2508,1.530208708871395
2509,1.5846032422858092
2510,1.2192879632206086
2511,2.4778296086057354
2512,8.723898742687263
2513,6.029252023359081
2514,0.9
2515,0.0
2516,0.0
2517,0.40182625535413025
2518,0.20909955626311075
2519,3.6024102993366487
2520,3.018339131723924
2521,17.02623748264772
2522,29.460734230118376
2523,18.175710931032125
2524,17.84654219514471
2525,29.682556500104525
2526,3.2
2527,0.3
2528,0.1
2529,0.0
2530,0.0
2531,0.4
2532,0.4
2533,3.1
2534,2.3
2535,10.457822924674007
2536,16.77260489772201
2537,15.314600577404981
2538,0.20537956071452232
2539,0.1
2540,0.0
2541,0.0
2542,0.0
2543,0.0
2544,0.0
2545,0.0
2546,0.0
2547,0.0
2548,0.0
2549,0.0
2550,0.0
2551,0.0
2552,0.10416544701841152
2553,0.10281615264444474
2554,0.20755727038762387
2555,0.8290633006277326
2556,6.823541532556291
2557,1.0338620876700444
2558,0.6079865100872718
2559,3.3
2560,1.8192285929187069
2561,9.9
2562,1.2
2563,0.0
2564,0.1
2565,0.0
2566,0.0
2567,0.2
2568,0.0
2569,0.0
2570,0.0
2571,0.1
2572,0.1
2573,3.9
2574,2.2
2575,0.0
2576,0.3
2577,3.0
2578,5.5
2579,3.5
2580,0.2
2581,0.0
2582,0.0
2583,0.0
2584,0.2
2585,0.1
2586,0.0
2587,0.0
2588,0.0
2589,0.0
2590,0.1
2591,0.0
2592,0.0
2593,0.0
2594,0.0
2595,0.0
2596,0.0
2597,0.0
2598,0.0
2599,3.266887309100188
2600,2.9280924836399986
2601,3.779336077555034
2602,3.5467455721756895
2603,2.3983001392313157
2604,27.27381711182834
2605,35.130748058390076
2606,4.2
2607,0.1
2608,0.0
2609,0.0
2610,0.2
2611,0.7
2612,0.31053572401098145
2613,0.0
2614,0.10666685515481861
2615,4.16360630903894
2616,6.30422522779779
2617,1.9479793689255964
2618,0.6693703181801434
2619,6.845958587815632
2620,0.1
2621,0.0
2622,0.0
2623,0.6054608615981345
2624,0.0
2625,0.0
2626,0.8807491337953667
2627,4.179937566111787
2628,1.2482549287717324
2629,0.43037071714008945
2630,0.4
2631,0.1
2632,0.0
2633,0.0
2634,0.0
2635,0.0
2636,1.2489270022312207
2637,1.1573121892159954
2638,1.1701835386128614
2639,1.2404047494746864
2640,0.6962835561816478
2641,1.5281520620643252
2642,2.4314176671934034
2643,1.8197166276243633
2644,1.4000821896981592
2645,0.9329399371929457
2646,7.290274111483096
2647,7.0691797504362395
2648,4.5503248330294275
2649,4.097584535311952
2650,6.044864922079451
2651,2.8370021482731476
2652,0.39061085333895657
2653,0.446832149865604
2654,0.5974201910550786
2655,3.757939673759407
2656,1.1736829079263367
2657,14.885393552535518
2658,7.727828107682099
2659,3.8184711912840363
2660,4.62410359814224
2661,4.4022781605179455
2662,2.7060452078951087
2663,2.820828543362519
2664,10.024403057502784
2665,2.1569019537643985
2666,2.7309091617585937
2667,14.736289329353887
2668,0.38323025119813414
2669,2.9908577575252635
2670,7.989569534786649
2671,17.81158606617015
2672,11.746694795806338
2673,22.96508342059481
2674,33.35510710481239
2675,4.8494769808076565
2676,1.989535595675036
2677,19.160007886847914
2678,7.006112454773085
2679,1.127662158247416
2680,1.248779892340667
2681,10.601215586832945
2682,6.185838753760775
2683,2.9190374088350737
2684,5.663201032121328
2685,12.334435103584333
2686,26.08531068775231
2687,19.243728657720936
2688,14.978094290725913
2689,4.270231012906667
2690,9.15915050781177
2691,15.860023081675429
2692,17.774001061079275
2693,31.76947311123777
2694,14.336602342576874
2695,16.421692881479707
2696,21.59916246967008
2697,14.75770369109302
2698,14.080563411761455
2699,20.962350026633075
2700,30.79506982976962
2701,21.196168782246446
2702,12.13285172756622
2703,15.921661773588005
2704,17.97746350974826
2705,16.95141188121041
2706,16.41659145198511
2707,17.07117554399543
2708,16.64957062617437
2709,12.75042293180668
2710,8.96392672740003
2711,6.484721389998218
2712,5.6658354973481275
2713,5.726344435803627
2714,7.270994622794525
2715,8.658038289634437
2716,9.374995895419788
2717,7.8922973622869055
2718,7.607130689855682
2719,14.493975690163845
2720,6.731106169957453
2721,9.454875611823905
2722,43.86681838384749
2723,4.6778646944091165
2724,4.813534893010103
2725,31.491303591132663
2726,24.531096010323473
2727,7.799353769388442
2728,6.233781716463223
2729,3.321127173203977
2730,3.9959559094479147
2731,4.405881855329189
2732,3.972956322208986
2733,7.76599083891817
2734,1.1055922527481539
2735,1.463365416849549
2736,2.2784214056020327
2737,13.201243618561188
2738,15.174390315710834
2739,21.698427536900727
2740,14.31921482863914
2741,4.04963661492216
2742,2.8702684194985735
2743,3.7946953660167404
2744,2.513988844768529
2745,8.42341964670985
2746,4.832243115681676
2747,5.607366289798982
2748,8.022114271806945
2749,1.8103935266230287
2750,24.30035218147212
2751,13.821744019778425
2752,2.5216535562992872
2753,3.6960207681594017
2754,2.4617353743579544
2755,1.2515837204837674
2756,0.7255166402351851
2757,0.6574410516045165
2758,5.705130339524313
2759,2.1059425153328775
2760,1.1772351756749577
2761,3.805477435995891
2762,0.668086961906359
2763,0.6419437230431595
2764,4.836114429741681
2765,0.37743684360861984
2766,3.4672566810740264
2767,4.541242826033793
2768,0.11170460120739835
2769,0.09957760904069869
2770,0.08885741241536632
2771,0.3013049932728692
2772,0.07093981949156931
2773,0.06345604175228468
2774,0.2787400242839633
2775,2.0483461060681964
2776,0.045579145828412736
2777,4.257758843337191
2778,0.4805271562307991
2779,0.03287374744806559
2780,0.02950182470235855
2781,0.914251823472729
2782,0.6896064240219468
2783,2.0188365603078418
2784,0.24112830982763675
2785,0.2391807814819716
2786,0.45937564801573455
2787,3.5649968116901443
2788,0.012515876797127467
2789,0.4551361340651999
2790,0.23205889028797583
2791,1.3407495726075198
2792,0.6740070975559742
2793,6.4436779246953275
2794,6.220995827279321
2795,1.3376047821475283
2796,2.4467171819324918
2797,1.1145269927047186
2798,0.4482172546725409
2799,0.6697245496166893
2800,1.3126585119518959
2801,0.005413946948185617
2802,0.00487019515742196
2803,0.004381267939274685
2804,1.5575361847175024
2805,0.0035461874159532394
2806,0.003190556842071892
2807,0.002870682008491808
2808,0.22370261204032615
2809,0.8901748955513202
2810,0.2231443466154116
2811,1.7775816932463984
2812,0.0018401716303711156
2813,3.761228168689091
2814,0.6554897093648361
2815,0.026312256126323777
2816,0.023632891392830705
2817,0.23059496276227162
2818,0.020350810284179285
2819,0.4390487587695632
2820,0.01877443788721774
2821,0.016873179269136687
2822,0.015166613946353755
2823,0.013634393136068505
2824,0.01225837321642691
2825,0.45490652989235364
2826,0.009911896828647614
2827,0.008914050360495997
2828,0.8957855954571333
2829,12.094466965183848
2830,0.18282393126759752
2831,0.4582425916028863
2832,0.4109641012071426
2833,1.3659577722468494
2834,0.3330854709915919
2835,0.29490277614973937
2836,0.8871552325948118
2837,0.23687372667776785
2838,0.21067364084577822
2839,0.1876094783692438
2840,6.766873923808223
2841,10.693897138489948
2842,0.31531981965172373
2843,0.27172436896796864
2844,0.006794744273641127
2845,0.12510168142137118
2846,0.1110262807115168
2847,0.2176035949728985
2848,3.9088552755005495
2849,2.3285497526167562
2850,1.106831578352975
2851,1.2341613696058704
2852,4.887371715172419
2853,14.660337426890344
2854,9.028885750639555
2855,0.00016009340882484492
2856,0.5500922355741762
2857,3.3772400911768763
2858,0.4607889944592281
2859,5.274758326623823
2860,8.362079390379986
2861,0.44953453377902797
2862,0.33639283652190577
2863,0.3376738705389253
2864,0.29100915233845487
2865,0.20963517455784442
2866,0.5075179523199159
2867,23.066260158431263
2868,18.93879343278823
2869,26.414949016072164
2870,13.377430710953844
2871,8.608676530905765
2872,0.4
2873,0.0
2874,0.0
2875,0.0
2876,0.0
2877,0.0
2878,0.0
2879,0.0
2880,3.6537378746853673
2881,1.4775428244709183
2882,0.29521069054947285
2883,0.2558028968871418
2884,0.22569265748901524
2885,0.3292841273296161
2886,0.6777366932045034
2887,0.1273768317174123
2888,0.10750582400680397
2889,0.09150617310139086
2890,0.07844403920221754
2891,0.06765376170212983
2892,2.308824438464158
2893,2.2750357115343562
2894,15.466410708772791
2895,2.4071127026938637
2896,4.229801049277709
2897,0.0
2898,0.0
2899,1.9786852171226161
2900,0.10995160484251089
2901,0.0
2902,0.0
2903,2.359439254201273
2904,1.6455033639204601
2905,0.15114286819642886
2906,0.2128344747650454
2907,3.6165046475223153
2908,0.6218423546569128
2909,0.20450630382354643
2910,0.0
2911,0.6
2912,1.6
2913,0.4
2914,2.4
2915,0.5
2916,0.2
2917,0.0
2918,0.0
2919,0.0
2920,0.0
2921,0.0
2922,0.0
2923,0.0
2924,1.4510298716658203
2925,2.1
2926,2.31342894489179
2927,0.0
2928,0.10456661145403519
2929,0.0
2930,0.0
2931,0.0
2932,0.0
2933,0.0
2934,0.0
2935,0.0
2936,0.20366108993071658
2937,5.2
2938,5.0
2939,7.7
2940,1.3
2941,0.3
2942,7.1
2943,3.4
2944,0.4
2945,0.1
2946,0.4
2947,0.2
2948,1.6
2949,0.1
2950,1.1
2951,2.9
2952,9.374942601911666
2953,4.5
2954,1.9
2955,11.3
2956,3.6
2957,0.0
2958,0.0
2959,0.0
2960,0.2
2961,0.0
2962,0.1
2963,0.1
2964,0.0
2965,0.0
2966,0.0
2967,0.0
2968,8.680241326145342
2969,2.008625265613221
2970,2.2586448056672945
2971,4.08555198706879
2972,2.373825592980175
2973,0.10017780127698844
2974,0.0
2975,0.2086175891652061
2976,0.10881253445645439
2977,3.5649233629499126
2978,7.222022274913252
2979,5.075504008450025
2980,0.5366072805566164
2981,0.8636381628414503
2982,1.970079621530659
2983,0.3121526551138814
2984,13.77726671549754
2985,21.232417267457592
2986,2.3
2987,0.3
2988,5.8
2989,2.5
2990,0.10039500907455695
2991,0.0
2992,2.67032017740156
2993,2.895503438264061
2994,1.3089837940109965
2995,0.21424966344202515
2996,0.0
2997,1.2625178218117674
2998,2.9671074533629227
2999,2.5787329474850766
3000,2.001485573820738
3001,1.7749442730183724
3002,2.8127873919865287
3003,19.88445571343459
3004,8.80648599589636
3005,1.2129417938333527
3006,1.8643111210976981
3007,1.192902060158177
3008,3.333539975141888
3009,3.490210626396207
3010,4.59748432540443
3011,7.221996657884927
3012,0.8399365251662705
3013,5.9767757671061865
3014,25.961122752521913
3015,7.393728168872597
3016,5.138793241159556
3017,5.153369592744342
3018,1.339143079028406
3019,10.705612185192534
3020,11.306589933634541
3021,3.7576930545458183
3022,10.633215073558516
3023,3.4115125252263465
3024,0.6044853745821417
3025,0.4575929104847213
3026,8.0077295092275
3027,14.780297352914383
3028,2.3683084686012226
3029,0.9927616504139593
3030,3.8741333389610206
3031,7.062808127917057
3032,14.47045165579818
3033,9.012175891419517
3034,12.225155571566994
3035,15.450575158051286
3036,6.829428126653389
3037,10.404374030030205
3038,6.207109178709452
3039,8.370505046847846
3040,14.338893045169451
3041,15.626369070224287
3042,45.975163797378784
3043,4.865230115132675
3044,0.526419319779048
3045,2.890784398093608
3046,8.799278633233516
3047,13.360905751879196
3048,19.01518293549431
3049,12.394525746479758
3050,13.241638361137838
3051,2.952102807483986
3052,3.420693035482503
3053,10.287814311573444
3054,9.015569724569664
3055,10.21635145931711
3056,18.741464430002694
3057,36.64656319834178
3058,7.09863140683339
3059,3.677642991497641
3060,7.887435857547343
3061,10.851782943358522
3062,21.736569290368553
3063,3.1082305299608866
3064,1.5045307518829292
3065,2.0875514957668933
3066,6.836862310651943
3067,8.394233506563742
3068,6.843693396562568
3069,7.330903354400855
3070,10.392561929834722
3071,7.749385378764556
3072,7.0254813906794205
3073,8.15169867298191
3074,6.973150556662232
3075,3.4688816042588306
3076,8.373114494555194
3077,6.896082968923388
3078,13.572360448019213
3079,5.422395983531765
3080,6.166533470568541
3081,7.628255333172971
3082,9.194176185056518
3083,13.900340638853061
3084,4.4835147670629905
3085,25.6127192689318
3086,25.29387334769818
3087,19.476551019184505
3088,7.207408952159238
3089,5.911704978540763
3090,6.706087691966896
3091,6.4535249439842595
3092,7.482623770347712
3093,7.434860573578868
3094,12.150998998805143
3095,8.650037118082292
3096,5.751295006031795
3097,9.767956833650544
3098,24.60136755558095
3099,22.69826435007465
3100,4.698243931332845
3101,5.0721999762269405
3102,3.713933583590513
3103,15.989120271567941
3104,4.318715291196449
3105,4.478667305543755
3106,2.3066763535029233
3107,2.6651209131594493
3108,1.9521167785815023
3109,2.398616439130132
3110,8.590839974094425
3111,11.394070706627186
3112,1.3216897136570227
3113,0.9280060538208611
3114,0.8713740459628594
3115,0.9542045607687207
3116,0.6218140490630415
3117,0.5321085422604223
3118,2.6778220779901716
3119,8.608986814363186
3120,6.3381269765234105
3121,9.179824183133963
3122,0.9308281451823768
3123,8.888872286399558
3124,7.3077782246677465
3125,2.623153758090489
3126,11.036197996933403
3127,7.4669898526346
3128,17.882371235960452
3129,10.54430818633902
3130,0.10071482139724128
3131,0.08983708452256818
3132,0.08021012973819738
3133,0.07167509972479896
3134,0.7299225063541135
3135,0.057357045987081925
3136,0.051356963857590504
3137,0.04600898110058901
3138,3.148426645887396
3139,1.1466869132518664
3140,0.2551104693790103
3141,0.029762579517496193
3142,0.026714622727353914
3143,7.3480741189636145
3144,7.7895131155987
3145,0.019348522621801284
3146,0.017383285116170797
3147,0.2375625015118183
3148,13.10862150552514
3149,1.7881553499552458
3150,6.22572221409884
3151,8.000114032562879
3152,2.89441773721843
3153,13.768655941869143
3154,6.887621129314306
3155,1.5602649830235054
3156,0.2279418161550898
3157,0.8931651626953043
3158,0.22679685533146487
3159,0.004367373859322562
3160,0.0039290821293551555
3161,0.003534915744908633
3162,0.4470645735787384
3163,0.0028615405645304086
3164,0.0025747189603967263
3165,0.0023167065892422184
3166,0.0020845983192413473
3167,0.6677020360143044
3168,0.0016879188122324639
3169,0.0015188945915531609
3170,0.001366816986423678
3171,0.001229982925239765
3172,0.8872474323940203
3173,0.001159037927168564
3174,0.0010430177898774354
3175,0.44168819170982127
3176,5.327768512685749
3177,1.7765791903890158
3178,0.2228802461669496
3179,0.22228877961131846
3180,0.0008095686928796887
3181,0.0007285475471768922
3182,0.000655640736248745
3183,3.551663377784574
3184,21.528913140553357
3185,1.4852986486988404
3186,0.0073278164793469285
3187,0.006591134581962759
3188,0.005928864851797696
3189,0.005333423919669267
3190,0.004798013979123614
3191,0.004316538998174469
3192,0.0038835303200682515
3193,0.21806072637703894
3194,0.21602718264934115
3195,1.2823540646732097
3196,1.9872040912633842
3197,1.0897720153673485
3198,2.1788816350450064
3199,1.0959990554975434
3200,0.017968793133505693
3201,2.3911267770454643
3202,6.58156945872423
3203,2.4590150829942963
3204,13.775697054202624
3205,2.8853925577000474
3206,0.23990568968114284
3207,0.4128822552900179
3208,3.4060112986818796
3209,0.1833357290328573
3210,0.16321566294096992
3211,0.1454727430677151
3212,1.2517468854073934
3213,2.8913612914381286
3214,0.08278008117148676
3215,0.15280096375450222
3216,0.13626930424209863
3217,0.12164405229376898
3218,0.48759425817688873
3219,20.7085374632881
3220,15.40824128497046
3221,1.2438914352873125
3222,0.1885652551001148
3223,0.2098738866281538
3224,11.596821882766886
3225,18.645157843227405
3226,14.167516976744
3227,10.585164728890293
3228,12.90700825236992
3229,6.416268549670541
3230,4.681599203214266
3231,0.04941191092145403
3232,0.043228861046802854
3233,0.03794186171323315
3234,0.03339556506825989
3235,0.02946680071669591
3236,0.02605681993865998
3237,0.02308565158645693
3238,0.020487934613358464
3239,0.01820979986071932
3240,0.016206508399853218
3241,0.014440642726463388
3242,0.012880706952660371
3243,0.2722100335659949
3244,3.5177008672641494
3245,0.14757690553545677
3246,0.008777578022564328
3247,0.007856296750691182
3248,0.007035704156669035
3249,0.14623104893466105
3250,0.0059452066220567435
3251,0.005330547792060506
3252,0.39715360451752346
3253,2.45310215323057
3254,15.921303979403575
3255,8.206205908307973
3256,3.5748341742554577
3257,6.731508493598339
3258,3.651419221896956
3259,3.3
3260,0.0
3261,0.1
3262,0.3
3263,3.212339534221404
3264,4.851135126491546
3265,2.9067093204762386
3266,3.8
3267,5.190810547484126
3268,1.6
3269,0.1
3270,1.3
3271,0.7
3272,0.0
3273,0.0
3274,0.0
3275,0.0
3276,0.3
3277,0.0
3278,0.0
3279,0.0
3280,0.0
3281,0.3
3282,5.426279097613841
3283,2.7804895190636523
3284,1.3511459727634436
3285,1.3442897245453147
3286,8.0
3287,14.3
3288,1.7
3289,0.1
3290,0.1
3291,0.0
3292,0.2
3293,1.2
3294,0.2
3295,0.0
3296,0.0
3297,0.2
3298,0.0
3299,0.7
3300,0.9
3301,0.1
3302,0.1
3303,0.0
3304,6.1
3305,1.3
3306,1.4
3307,0.3
3308,0.3
3309,3.8
3310,1.1
3311,0.5
3312,0.0
3313,0.0
3314,0.0
3315,0.0
3316,0.5
3317,8.1
3318,8.2
3319,1.1
3320,2.1
3321,3.6
3322,2.3
3323,22.1
3324,10.0
3325,1.8
3326,0.1
3327,0.2
3328,0.0
3329,0.0
3330,0.2
3331,5.9
3332,0.1
3333,0.0
3334,0.0
3335,0.40349137052995493
3336,6.9306826659085825
3337,15.1
3338,0.2
3339,8.6
3340,4.654051056824957
3341,7.888558254246243
3342,3.9
3343,0.2
3344,0.6
3345,1.0
3346,0.4
3347,0.0
3348,0.1
3349,0.1
3350,2.2208367964606883
3351,2.7
3352,3.2
3353,0.1
3354,0.3
3355,0.1
3356,0.4
3357,0.0
3358,0.10140413814791664
3359,0.4218450890039379
3360,1.393394161676293
3361,0.10855385779838946
3362,0.10604641896324005
3363,0.46773351320971124
3364,0.83028
3365,2.1669992133049356
3366,2.8863660040118218
3367,8.97825489226075
3368,10.618581512759254
3369,5.362484848204624
3370,0.21428705572126272
3371,0.0
3372,0.0
3373,0.45627999999999996
3374,2.2482358977274592
3375,4.205097751666829
3376,8.375861180398198
3377,1.1159009378663074
3378,1.002855444865609
3379,0.5419138185487431
3380,1.2887082242846855
3381,7.620485081907011
3382,0.8328399764409011
3383,1.6425737252053616
3384,2.3426614592770942
3385,3.5456595565381135
3386,4.2303224197430795
3387,1.8171163486733592
3388,2.8016467364804023
3389,13.172712609502097
3390,4.161386916574556
3391,4.448542760602866
3392,0.6589343750453787
3393,1.9735796452678942
3394,3.139656295487875
3395,0.5859227308089364
3396,0.6775828171508478
3397,11.602854566777015
3398,7.882058763713415
3399,6.350921010860348
3400,0.13145623171699009
3401,0.38941750308719647
3402,1.3578677089326334
3403,2.9328726708939588
3404,0.2059984881085749
3405,1.8498231561738787
3406,6.563550548647809
3407,1.6218410868995892
3408,13.161349426326614
3409,5.2376110375430045
3410,5.579877231113304
3411,2.353359560122304
3412,6.123313089502839
3413,9.570917195431807
3414,16.680166797499908
3415,29.1290858214136
3416,11.885654419886965
3417,4.90154019145748
3418,4.661448246706841
3419,6.6868775857547025
3420,10.063565394376157
3421,11.797697398213268
3422,21.339533578987528
3423,43.28858595681972
3424,18.369001975151054
3425,23.842052938039203
3426,6.111333075868117
3427,3.410532343079658
3428,3.5417783085783445
3429,4.5936934682033375
3430,8.725368960037269
3431,9.584009158728023
3432,10.418136277335172
3433,13.388673814792515
3434,17.751141574213115
3435,19.286534868444043
3436,23.15754393803188
3437,22.019454752532468
3438,15.025395535223227
3439,35.296577665909886
3440,25.762343886300016
3441,5.727195678909673
3442,7.747903915628084
3443,19.21278983091648
3444,21.483874612233308
3445,10.518276333794521
3446,11.440928497563888
3447,11.618751072900826
3448,13.445104011659486
3449,12.226891181814041
3450,8.841050809219757
3451,9.292136210181962
3452,18.840171587632152
3453,9.785595095805691
3454,21.502376719610563
3455,22.723929944339233
3456,13.893652969132052
3457,13.364782266820432
3458,27.9906323840813
3459,16.23608230649854
3460,11.605021646872098
3461,17.001866610347644
3462,7.392287251343864
3463,17.610030043005608
3464,9.941074003242298
3465,11.861037736110841
3466,4.840793331759553
3467,5.28671861936559
3468,4.649970611430733
3469,4.5159511825735885
3470,4.675422078229735
3471,3.3099460698024648
3472,3.3836438934243405
3473,4.780028320494086
3474,11.084216693101201
3475,3.3975687127927077
3476,3.4835466411671003
3477,3.0057692062840746
3478,11.27881335619477
3479,0.8138922576031214
3480,2.277509419569657
3481,2.537564301632913
3482,2.785451827793291
3483,2.4908797036577113
3484,2.3779267646363653
3485,3.3455646528461926
3486,1.3862273406183723
3487,1.4034788427844
3488,25.323619500139785
3489,2.2205502810748112
3490,2.4794932012902944
3491,1.8727119111073507
3492,1.4845297174133607
3493,2.197250595877517
3494,2.5041442572906325
3495,1.9508751442321133
3496,2.5279090401836766
3497,2.4548405311296713
3498,7.054801145093123
3499,8.335328951534667
3500,0.302082894199777
3501,1.1513640726501126
3502,1.121276118525071
3503,0.4279899740160036
3504,0.4041673475374373
3505,2.6028361883584936
3506,5.4699409566910155
3507,24.097164845677007
3508,22.75151886450503
3509,1.8766255658935076
3510,0.09018769135907223
3511,0.08053673497500535
3512,0.07197783655850974
3513,1.174086140988316
3514,0.2795562386071788
3515,0.05159282812643076
3516,2.487587757054288
3517,1.3730871058289322
3518,0.03715620971391579
3519,0.03333197517972114
3520,0.02991129326131522
3521,0.4707338258316589
3522,3.35323909958101
3523,0.4655353610392371
3524,0.9072173960342238
3525,0.017474271467948575
3526,0.01570271064934308
3527,0.014112943104022953
3528,0.012685894265459258
3529,0.01140457100747875
3530,0.010253819373135055
3531,0.009220113310595248
3532,0.008291369945009269
3533,0.22939887160087521
3534,0.0067067037455595556
3535,0.006032469258293058
3536,0.22736842230207716
3537,0.6707076224938431
3538,4.443233023783501
3539,6.884155283962192
3540,0.8913227114904784
3541,3.9981554474841454
3542,6.439197766333609
3543,4.2194885370065265
3544,0.6597253965317266
3545,3.0878481333965255
3546,0.8746488820328865
3547,0.2212785476412306
3548,0.006268166506091592
3549,0.0056378381596177635
3550,0.43215629218676643
3551,0.867791289673376
3552,0.00825785275522288
3553,0.007426686688745861
3554,16.189419384533586
3555,9.47687679729843
3556,1.4489992622014511
3557,7.382954043873217
3558,0.00962544058509525
3559,0.26929101981488673
3560,0.4668710889440787
3561,0.6366015989841014
3562,0.725771354501859
3563,0.648941232174374
3564,0.824925159867065
3565,1.0951261163470953
3566,2.9519099762779732
3567,0.5736425005762433
3568,1.6636271929853053
3569,17.907622852922636
3570,10.86613803795378
3571,0.1960515627948762
3572,0.7016523738547196
3573,2.4456335026378317
3574,1.6701097988585434
3575,0.21652873058353594
3576,0.48401161827731887
3577,0.7202407474236318
3578,0.7621981999418587
3579,0.8084624188118518
3580,0.9117640661072425
3581,2.817687313518269
3582,0.3177724006333707
3583,0.4183442541132622
3584,7.126789745505855
3585,7.388763779925693
3586,6.026244180243954
3587,0.010579787515578754
3588,2.9514859605040265
3589,0.42419661065938663
3590,0.40624950101173496
3591,0.4005727791270236
3592,0.3720089296812511
3593,0.11957957688038134
3594,0.0949179708489903
3595,0.11209391221046791
3596,2.626752592444322
3597,16.267033425038356
3598,0.9
3599,0.0
3600,0.0
3601,2.340517395093831
3602,0.4976567362572214
3603,0.0
3604,0.22332722895567422
3605,0.7195187789871503
3606,22.40151206822577
3607,1.0562142686245029
3608,0.0405898162374612
3609,0.10885991401385403
3610,0.11622446430471832
3611,5.248794881443015
3612,8.167097143299824
3613,17.74234746228816
3614,4.2
3615,25.2
3616,2.9
3617,0.3
3618,0.6
3619,4.8
3620,0.2
3621,0.4
3622,0.7024674589803046
3623,3.124724618274046
3624,0.0
3625,0.0
3626,0.0
3627,0.0
3628,0.5
3629,0.7350724039600012
3630,0.10448059218010876
3631,0.4173607598828949
3632,0.0
3633,1.2500627028532512
3634,4.2959489815484355
3635,2.6748018269767107
3636,13.859985815413022
3637,3.9948621177031063
3638,7.1
3639,0.9
3640,0.9
3641,0.5
3642,0.1
3643,0.5
3644,4.5
3645,12.0
3646,6.2
3647,1.1
3648,0.6
3649,0.0
3650,0.1
3651,0.1
3652,0.0
