date,P,T,E,Q,Qmm,Month
31/01/1951,2.68,3.0,0.37,822.32,2.61,1
28/02/1951,2.59,2.94,0.62,519.54,1.65,2
31/03/1951,3.13,3.54,1.0,601.0,1.9,3
30/04/1951,2.83,7.19,1.86,546.73,1.73,4
31/05/1951,1.9,11.66,2.37,235.16,0.75,5
30/06/1951,3.72,14.84,2.56,269.87,0.85,6
31/07/1951,1.6,17.06,3.06,171.35,0.54,7
31/08/1951,3.12,16.44,2.44,115.68,0.37,8
30/09/1951,2.23,14.76,1.88,108.18,0.34,9
31/10/1951,0.96,8.23,1.17,74.1,0.24,10
30/11/1951,3.99,7.03,0.5,328.1,1.04,11
31/12/1951,2.07,2.36,0.36,317.58,1.01,12
31/01/1952,3.78,1.31,0.34,815.39,2.58,1
29/02/1952,1.9,0.98,0.62,552.24,1.75,2
31/03/1952,3.28,5.37,1.08,591.13,1.87,3
30/04/1952,0.91,11.16,2.2,593.33,1.88,4
31/05/1952,1.55,13.23,2.62,145.51,0.46,5
30/06/1952,1.79,15.96,3.14,93.78,0.3,6
31/07/1952,1.14,19.14,3.36,69.21,0.22,7
31/08/1952,2.91,17.78,2.49,46.61,0.15,8
30/09/1952,3.84,10.52,1.36,70.84,0.23,9
31/10/1952,3.66,7.75,0.9,314.42,1.0,10
30/11/1952,5.58,2.9,0.41,826.33,2.62,11
31/12/1952,4.0,1.5,0.32,1266.35,4.01,12
31/01/1953,0.74,0.6,0.35,302.77,0.96,1
28/02/1953,1.88,1.91,0.64,523.68,1.66,2
31/03/1953,0.19,6.43,1.6,269.1,0.85,3
30/04/1953,1.7,9.55,2.12,173.37,0.55,4
31/05/1953,1.29,13.86,2.75,87.84,0.28,5
30/06/1953,3.8,15.29,2.48,175.61,0.56,6
31/07/1953,3.82,16.73,2.63,275.58,0.87,7
31/08/1953,1.08,16.79,2.8,100.26,0.32,8
30/09/1953,1.76,14.19,2.01,64.63,0.2,9
31/10/1953,1.03,10.72,1.0,64.4,0.21,10
30/11/1953,0.52,4.89,0.54,67.33,0.21,11
31/12/1953,1.01,3.88,0.38,56.73,0.18,12
31/01/1954,2.11,1.27,0.4,217.51,0.69,1
28/02/1954,1.6,1.53,0.56,126.32,0.4,2
31/03/1954,1.31,6.0,1.2,241.84,0.77,3
30/04/1954,1.28,6.87,1.83,232.53,0.74,4
31/05/1954,1.53,12.02,2.55,77.67,0.25,5
30/06/1954,1.89,15.38,2.85,71.47,0.23,6
31/07/1954,2.65,14.56,2.33,68.39,0.22,7
31/08/1954,4.41,15.45,2.18,184.11,0.58,8
30/09/1954,4.35,13.36,1.58,219.67,0.7,9
31/10/1954,2.65,10.27,1.01,338.42,1.07,10
30/11/1954,2.08,5.36,0.57,286.33,0.91,11
31/12/1954,3.35,3.75,0.35,763.52,2.42,12
31/01/1955,3.25,1.23,0.37,969.26,3.07,1
28/02/1955,3.01,1.42,0.52,630.04,2.0,2
31/03/1955,1.25,2.61,1.21,413.1,1.31,3
30/04/1955,0.5,8.39,2.14,218.23,0.69,4
31/05/1955,2.83,10.69,2.47,143.03,0.45,5
30/06/1955,2.96,15.01,2.81,197.37,0.63,6
31/07/1955,2.79,17.6,2.75,147.39,0.47,7
31/08/1955,1.19,16.91,2.56,82.36,0.26,8
30/09/1955,1.71,13.67,1.87,70.35,0.22,9
31/10/1955,1.6,7.66,1.04,69.63,0.22,10
30/11/1955,0.92,4.51,0.57,68.11,0.22,11
31/12/1955,4.26,3.44,0.34,262.38,0.83,12
31/01/1956,3.01,1.81,0.41,593.77,1.88,1
29/02/1956,0.6,0.0,0.46,251.17,0.8,2
31/03/1956,1.55,5.06,1.19,447.1,1.42,3
30/04/1956,2.57,6.44,1.62,360.93,1.14,4
31/05/1956,2.48,13.0,2.72,184.9,0.59,5
30/06/1956,2.88,12.68,2.01,222.93,0.71,6
31/07/1956,3.09,16.45,2.62,187.03,0.59,7
31/08/1956,3.51,14.04,2.22,144.79,0.46,8
30/09/1956,2.27,14.7,1.82,189.22,0.6,9
31/10/1956,2.69,8.29,0.87,252.77,0.8,10
30/11/1956,1.66,3.41,0.47,233.6,0.74,11
31/12/1956,1.65,3.82,0.37,398.61,1.26,12
31/01/1957,1.6,1.72,0.43,281.9,0.89,1
28/02/1957,4.87,5.03,0.71,886.04,2.81,2
31/03/1957,2.28,8.02,1.43,529.71,1.68,3
30/04/1957,0.69,8.58,2.09,220.93,0.7,4
31/05/1957,1.29,9.85,2.66,113.59,0.36,5
30/06/1957,2.54,16.72,3.33,119.33,0.38,6
31/07/1957,3.12,17.67,2.84,95.96,0.3,7
31/08/1957,2.79,15.06,2.37,114.07,0.36,8
30/09/1957,4.0,12.71,1.48,167.59,0.53,9
31/10/1957,1.23,9.4,1.11,156.87,0.5,10
30/11/1957,1.09,4.89,0.49,149.4,0.47,11
31/12/1957,1.78,1.55,0.35,225.32,0.71,12
31/01/1958,3.41,1.57,0.41,539.61,1.71,1
28/02/1958,5.63,4.09,0.67,1190.07,3.77,2
31/03/1958,0.98,2.35,1.11,530.55,1.68,3
30/04/1958,1.7,5.8,1.75,225.53,0.71,4
31/05/1958,5.18,13.07,2.44,560.23,1.78,5
30/06/1958,2.54,14.52,2.68,228.3,0.72,6
31/07/1958,2.34,16.94,3.06,185.97,0.59,7
31/08/1958,4.45,17.0,2.4,215.97,0.68,8
30/09/1958,1.69,15.26,1.98,142.8,0.45,9
31/10/1958,2.28,9.29,0.99,189.29,0.6,10
30/11/1958,1.66,4.39,0.43,271.43,0.86,11
31/12/1958,3.91,3.65,0.37,551.35,1.75,12
31/01/1959,2.99,1.68,0.44,831.23,2.63,1
28/02/1959,0.12,2.34,0.87,255.04,0.81,2
31/03/1959,2.01,7.2,1.31,255.71,0.81,3
30/04/1959,2.87,9.54,1.9,258.67,0.82,4
31/05/1959,1.69,13.12,2.78,246.32,0.78,5
30/06/1959,2.31,16.22,3.22,107.73,0.34,6
31/07/1959,1.36,20.09,3.65,78.58,0.25,7
31/08/1959,1.82,17.32,2.82,72.71,0.23,8
30/09/1959,0.14,15.55,2.6,41.17,0.13,9
31/10/1959,1.41,9.81,1.34,44.01,0.14,10
30/11/1959,1.93,4.22,0.49,65.26,0.21,11
31/12/1959,3.73,3.43,0.34,158.55,0.5,12
31/01/1960,2.17,3.2,0.39,312.81,0.99,1
29/02/1960,2.68,2.76,0.66,361.28,1.14,2
31/03/1960,1.57,6.2,1.09,355.77,1.13,3
30/04/1960,0.94,8.3,1.84,150.64,0.48,4
31/05/1960,1.85,13.43,2.71,103.98,0.33,5
30/06/1960,2.73,16.23,3.05,95.19,0.3,6
31/07/1960,3.77,14.73,2.43,143.33,0.45,7
31/08/1960,4.15,15.73,2.16,219.81,0.7,8
30/09/1960,2.3,12.37,1.64,221.0,0.7,9
31/10/1960,3.27,9.57,0.85,261.94,0.83,10
30/11/1960,3.67,6.66,0.51,559.6,1.77,11
31/12/1960,2.6,1.71,0.33,530.9,1.68,12
31/01/1961,3.75,1.72,0.38,599.71,1.9,1
28/02/1961,2.59,5.73,0.8,837.0,2.65,2
31/03/1961,0.57,6.88,1.49,247.61,0.79,3
30/04/1961,2.44,11.01,1.6,216.7,0.69,4
31/05/1961,2.34,10.68,2.3,219.9,0.7,5
30/06/1961,3.94,15.31,2.94,282.87,0.9,6
31/07/1961,3.28,14.92,2.7,137.81,0.44,7
31/08/1961,1.75,16.16,2.52,123.65,0.39,8
30/09/1961,1.74,17.32,2.04,88.37,0.28,9
31/10/1961,3.53,10.84,1.07,158.16,0.5,10
30/11/1961,3.04,4.01,0.49,287.73,0.91,11
31/12/1961,3.02,3.44,0.35,598.61,1.9,12
31/01/1962,3.15,3.28,0.42,633.68,2.01,1
28/02/1962,2.78,1.77,0.66,696.93,2.21,2
31/03/1962,2.87,1.85,1.06,331.55,1.05,3
30/04/1962,2.18,8.25,1.77,742.8,2.35,4
31/05/1962,2.44,9.69,2.11,292.39,0.93,5
30/06/1962,0.2,14.7,3.37,129.98,0.41,6
31/07/1962,2.14,15.46,2.69,89.75,0.28,7
31/08/1962,1.75,16.56,2.73,67.23,0.21,8
30/09/1962,2.35,12.79,1.74,81.83,0.26,9
31/10/1962,0.55,9.55,1.23,62.0,0.2,10
30/11/1962,1.32,3.01,0.46,73.2,0.23,11
31/12/1962,2.68,1.13,0.37,180.27,0.57,12
31/01/1963,1.02,0.1,0.33,118.9,0.38,1
28/02/1963,0.94,0.1,0.57,87.86,0.28,2
31/03/1963,2.65,4.47,1.1,375.68,1.19,3
30/04/1963,1.22,9.37,1.7,216.4,0.69,4
31/05/1963,1.69,11.43,2.41,116.68,0.37,5
30/06/1963,3.48,15.08,2.57,119.8,0.38,6
31/07/1963,0.83,17.53,3.5,64.14,0.2,7
31/08/1963,3.91,15.25,2.03,71.55,0.23,8
30/09/1963,1.39,13.97,1.7,87.37,0.28,9
31/10/1963,1.83,8.54,1.01,98.48,0.31,10
30/11/1963,5.34,7.91,0.59,586.63,1.86,11
31/12/1963,0.14,0.48,0.34,147.52,0.47,12
31/01/1964,1.21,0.33,0.35,112.19,0.36,1
29/02/1964,1.29,3.09,0.65,284.79,0.9,2
31/03/1964,1.98,3.12,0.89,331.77,1.05,3
30/04/1964,1.4,8.94,1.73,229.47,0.73,4
31/05/1964,1.24,14.09,2.75,125.74,0.4,5
30/06/1964,1.45,16.46,3.42,115.97,0.37,6
31/07/1964,0.81,18.71,3.51,132.74,0.42,7
31/08/1964,2.04,16.56,2.48,148.1,0.47,8
30/09/1964,2.54,14.45,1.98,98.1,0.31,9
31/10/1964,2.97,7.28,0.94,109.42,0.35,10
30/11/1964,3.38,5.38,0.48,299.1,0.95,11
31/12/1964,2.01,2.06,0.34,243.77,0.77,12
31/01/1965,4.63,2.03,0.37,659.1,2.09,1
28/02/1965,0.84,0.49,0.62,461.64,1.46,2
31/03/1965,3.01,5.02,1.16,647.84,2.05,3
30/04/1965,2.91,6.99,1.46,450.73,1.43,4
31/05/1965,2.92,11.69,2.32,417.58,1.32,5
30/06/1965,3.17,15.31,2.75,298.47,0.95,6
31/07/1965,3.02,14.78,2.18,175.06,0.56,7
31/08/1965,2.14,15.26,2.29,148.52,0.47,8
30/09/1965,3.88,12.4,1.53,237.73,0.75,9
31/10/1965,0.41,9.24,1.26,178.9,0.57,10
30/11/1965,4.72,3.48,0.49,376.9,1.2,11
31/12/1965,6.76,3.59,0.33,1425.32,4.52,12
31/01/1966,2.36,2.07,0.38,825.81,2.62,1
28/02/1966,3.26,6.39,0.71,770.82,2.44,2
31/03/1966,2.2,3.97,1.1,419.55,1.33,3
30/04/1966,3.12,9.55,1.67,609.03,1.93,4
31/05/1966,1.91,13.0,2.67,241.03,0.76,5
30/06/1966,3.08,16.55,2.98,145.7,0.46,6
31/07/1966,3.7,15.03,2.43,221.65,0.7,7
31/08/1966,2.94,15.49,2.31,186.97,0.59,8
30/09/1966,1.02,14.25,2.08,126.73,0.4,9
31/10/1966,3.21,11.51,0.97,168.42,0.53,10
30/11/1966,3.28,2.48,0.41,270.27,0.86,11
31/12/1966,5.66,2.77,0.33,1167.19,3.7,12
31/01/1967,1.35,2.84,0.42,632.68,2.01,1
28/02/1967,2.64,3.8,0.76,445.0,1.41,2
31/03/1967,2.44,5.85,1.17,520.77,1.65,3
30/04/1967,1.42,7.1,2.0,288.43,0.91,4
31/05/1967,3.17,12.07,2.56,218.13,0.69,5
30/06/1967,1.8,14.62,2.8,158.2,0.5,6
31/07/1967,2.43,18.9,3.57,116.29,0.37,7
31/08/1967,2.85,16.32,2.51,109.68,0.35,8
30/09/1967,4.13,13.44,1.55,201.93,0.64,9
31/10/1967,3.91,11.34,1.0,262.55,0.83,10
30/11/1967,2.84,3.99,0.54,480.93,1.52,11
31/12/1967,3.31,1.67,0.33,693.32,2.2,12
31/01/1968,3.33,1.86,0.4,1063.29,3.37,1
29/02/1968,2.72,2.09,0.63,613.1,1.94,2
31/03/1968,1.77,5.13,1.23,440.29,1.4,3
30/04/1968,1.83,9.29,2.22,317.3,1.01,4
31/05/1968,2.06,10.73,2.08,289.52,0.92,5
30/06/1968,1.88,14.69,2.6,126.5,0.4,6
31/07/1968,3.09,16.28,2.78,114.39,0.36,7
31/08/1968,5.35,15.75,2.04,273.9,0.87,8
30/09/1968,4.53,13.29,1.51,424.7,1.35,9
31/10/1968,1.7,10.93,0.94,481.77,1.53,10
30/11/1968,0.96,4.01,0.49,223.03,0.71,11
31/12/1968,2.18,0.97,0.32,317.84,1.01,12
31/01/1969,1.66,2.89,0.39,418.61,1.33,1
28/02/1969,2.73,1.1,0.58,566.04,1.79,2
31/03/1969,2.57,3.67,1.0,660.35,2.09,3
30/04/1969,3.03,7.53,1.72,555.13,1.76,4
31/05/1969,2.47,12.83,2.37,370.87,1.18,5
30/06/1969,2.97,14.12,2.7,339.6,1.08,6
31/07/1969,1.54,18.61,3.18,188.58,0.6,7
31/08/1969,3.36,16.54,2.39,139.0,0.44,8
30/09/1969,0.79,14.15,1.91,115.13,0.36,9
31/10/1969,0.12,10.63,1.12,80.61,0.26,10
30/11/1969,4.18,5.34,0.5,205.3,0.65,11
31/12/1969,1.49,0.23,0.28,252.29,0.8,12
31/01/1970,2.57,1.65,0.35,478.94,1.52,1
28/02/1970,6.18,1.75,0.54,1474.93,4.67,2
31/03/1970,2.82,2.53,0.91,695.55,2.2,3
30/04/1970,2.98,5.75,1.36,677.93,2.15,4
31/05/1970,3.76,11.98,2.38,845.71,2.68,5
30/06/1970,2.93,17.2,3.12,266.0,0.84,6
31/07/1970,3.05,15.77,2.71,213.9,0.68,7
31/08/1970,1.7,17.13,2.59,139.06,0.44,8
30/09/1970,1.98,14.31,1.93,112.2,0.36,9
31/10/1970,2.31,9.41,0.89,187.26,0.59,10
30/11/1970,2.26,6.62,0.55,229.7,0.73,11
31/12/1970,1.53,2.11,0.34,284.0,0.9,12
31/01/1971,2.46,2.08,0.39,360.03,1.14,1
28/02/1971,1.19,2.33,0.61,347.32,1.1,2
31/03/1971,1.09,3.01,1.0,222.45,0.71,3
30/04/1971,1.1,9.54,2.24,154.03,0.49,4
31/05/1971,2.5,14.37,2.54,136.52,0.43,5
30/06/1971,3.7,13.77,2.37,182.17,0.58,6
31/07/1971,1.08,18.6,3.66,112.16,0.36,7
31/08/1971,2.71,17.25,2.68,73.42,0.23,8
30/09/1971,0.75,12.9,2.05,60.27,0.19,9
31/10/1971,1.12,9.68,1.32,66.32,0.21,10
30/11/1971,3.13,3.57,0.48,128.6,0.41,11
31/12/1971,0.56,3.07,0.35,157.97,0.5,12
31/01/1972,1.28,1.14,0.38,128.13,0.41,1
29/02/1972,1.15,3.77,0.66,264.9,0.84,2
31/03/1972,1.59,6.4,1.48,132.58,0.42,3
30/04/1972,2.12,7.38,1.56,299.2,0.95,4
31/05/1972,3.1,10.9,2.06,185.13,0.59,5
30/06/1972,1.97,13.69,2.65,132.13,0.42,6
31/07/1972,2.68,17.31,2.76,109.48,0.35,7
31/08/1972,2.95,15.56,2.26,152.84,0.48,8
30/09/1972,1.53,10.85,1.74,85.8,0.27,9
31/10/1972,0.63,8.01,1.22,72.48,0.23,10
30/11/1972,4.32,4.48,0.5,457.37,1.45,11
31/12/1972,0.75,2.43,0.42,259.1,0.82,12
31/01/1973,1.07,1.0,0.39,128.35,0.41,1
28/02/1973,2.25,1.26,0.64,381.79,1.21,2
31/03/1973,0.43,4.3,1.28,234.77,0.74,3
30/04/1973,1.88,5.76,1.52,230.93,0.73,4
31/05/1973,2.96,12.79,2.57,229.45,0.73,5
30/06/1973,1.39,16.51,3.31,107.1,0.34,6
31/07/1973,2.33,17.13,2.83,89.97,0.28,7
31/08/1973,1.36,19.02,3.06,65.16,0.21,8
30/09/1973,1.62,15.15,2.11,56.73,0.18,9
31/10/1973,2.58,8.36,1.07,115.35,0.37,10
30/11/1973,2.7,4.3,0.57,194.67,0.62,11
31/12/1973,2.72,1.82,0.34,472.61,1.5,12
31/01/1974,1.82,4.45,0.42,333.81,1.06,1
28/02/1974,2.07,3.68,0.7,468.75,1.49,2
31/03/1974,2.35,6.29,1.02,409.42,1.3,3
30/04/1974,0.52,8.96,2.17,159.8,0.51,4
31/05/1974,1.67,11.33,2.49,100.48,0.32,5
30/06/1974,2.53,14.52,2.92,81.8,0.26,6
31/07/1974,2.52,15.45,2.8,83.13,0.26,7
31/08/1974,1.77,17.22,2.64,67.26,0.21,8
30/09/1974,3.31,13.02,1.69,76.73,0.24,9
31/10/1974,4.89,5.19,0.66,448.1,1.42,10
30/11/1974,4.07,5.24,0.48,551.23,1.75,11
31/12/1974,3.79,5.14,0.38,892.74,2.83,12
31/01/1975,2.81,4.83,0.45,614.45,1.95,1
28/02/1975,0.66,2.95,0.99,407.64,1.29,2
31/03/1975,2.68,3.56,0.9,370.13,1.17,3
30/04/1975,2.04,7.43,1.71,463.77,1.47,4
31/05/1975,1.51,11.49,2.55,168.55,0.53,5
30/06/1975,2.44,14.9,2.87,136.27,0.43,6
31/07/1975,1.62,18.28,3.47,102.9,0.33,7
31/08/1975,2.14,19.35,3.09,75.58,0.24,8
30/09/1975,2.98,15.35,1.73,94.6,0.3,9
31/10/1975,0.61,7.68,0.88,83.48,0.26,10
30/11/1975,3.27,4.26,0.5,156.27,0.5,11
31/12/1975,0.93,1.22,0.35,240.87,0.76,12
31/01/1976,2.45,3.34,0.4,335.65,1.06,1
29/02/1976,1.26,2.26,0.62,350.03,1.11,2
31/03/1976,0.91,3.51,1.3,167.77,0.53,3
30/04/1976,0.75,7.64,2.28,110.53,0.35,4
31/05/1976,1.13,13.41,2.99,72.55,0.23,5
30/06/1976,0.45,18.94,4.05,46.87,0.15,6
31/07/1976,2.25,20.12,3.34,37.68,0.12,7
31/08/1976,0.52,17.36,3.03,32.84,0.1,8
30/09/1976,2.3,13.21,1.57,44.3,0.14,9
31/10/1976,2.12,10.5,1.07,55.87,0.18,10
30/11/1976,3.42,5.03,0.49,93.87,0.3,11
31/12/1976,2.4,1.16,0.32,336.87,1.07,12
31/01/1977,3.19,2.04,0.38,445.32,1.41,1
28/02/1977,5.53,4.47,0.65,1122.82,3.56,2
31/03/1977,1.6,6.98,1.24,320.68,1.02,3
30/04/1977,2.41,5.82,1.62,316.23,1.0,4
31/05/1977,1.39,11.6,2.6,217.81,0.69,5
30/06/1977,3.09,14.85,2.45,145.33,0.46,6
31/07/1977,2.46,16.85,2.92,93.55,0.3,7
31/08/1977,3.27,15.9,2.23,140.13,0.45,8
30/09/1977,0.86,12.26,1.76,83.97,0.27,9
31/10/1977,1.8,10.81,0.95,82.68,0.26,10
30/11/1977,4.88,5.46,0.53,504.1,1.6,11
31/12/1977,2.62,3.35,0.36,462.06,1.46,12
31/01/1978,2.25,1.42,0.39,480.16,1.52,1
28/02/1978,2.38,1.95,0.53,651.93,2.07,2
31/03/1978,4.1,5.55,1.06,833.16,2.64,3
30/04/1978,1.25,7.11,1.89,400.13,1.27,4
31/05/1978,3.73,11.51,2.2,474.23,1.5,5
30/06/1978,2.48,14.16,2.6,209.87,0.66,6
31/07/1978,3.1,15.56,2.72,259.68,0.82,7
31/08/1978,1.44,14.9,2.45,159.45,0.51,8
30/09/1978,2.02,12.45,1.62,99.37,0.31,9
31/10/1978,0.62,9.37,1.0,109.77,0.35,10
30/11/1978,0.6,3.69,0.51,82.1,0.26,11
31/12/1978,5.44,3.39,0.38,279.0,0.88,12
31/01/1979,1.65,0.13,0.33,524.29,1.66,1
28/02/1979,3.24,1.15,0.57,1074.25,3.4,2
31/03/1979,4.56,4.52,0.94,883.68,2.8,3
30/04/1979,3.0,6.8,1.64,589.27,1.87,4
31/05/1979,3.77,11.63,2.55,381.13,1.21,5
30/06/1979,1.9,16.16,2.99,282.53,0.9,6
31/07/1979,1.13,16.48,2.75,94.45,0.3,7
31/08/1979,3.52,15.07,2.3,164.9,0.52,8
30/09/1979,1.17,13.75,1.98,102.13,0.32,9
31/10/1979,1.77,10.37,1.1,105.58,0.33,10
30/11/1979,3.65,4.18,0.52,364.6,1.16,11
31/12/1979,5.47,4.27,0.38,856.61,2.71,12
31/01/1980,2.5,1.07,0.39,508.13,1.61,1
29/02/1980,2.52,4.2,0.76,993.24,3.15,2
31/03/1980,2.39,4.63,0.96,307.45,0.97,3
30/04/1980,1.34,6.88,1.83,351.6,1.11,4
31/05/1980,2.06,11.26,2.62,221.84,0.7,5
30/06/1980,4.36,14.06,2.31,191.3,0.61,6
31/07/1980,5.16,14.74,2.23,699.23,2.22,7
31/08/1980,2.72,16.79,2.31,249.84,0.79,8
30/09/1980,1.6,14.65,1.81,177.53,0.56,9
31/10/1980,2.8,8.18,0.96,258.58,0.82,10
30/11/1980,2.36,3.61,0.51,314.47,1.0,11
31/12/1980,3.02,1.84,0.34,650.48,2.06,12
31/01/1981,3.41,0.83,0.43,762.43,2.42,1
28/02/1981,1.55,1.23,0.7,580.05,1.84,2
31/03/1981,3.67,7.88,1.09,732.45,2.32,3
30/04/1981,2.16,8.62,1.88,313.3,0.99,4
31/05/1981,1.95,12.58,2.42,266.18,0.84,5
30/06/1981,3.62,14.8,2.66,245.21,0.78,6
31/07/1981,2.32,16.36,2.45,164.91,0.52,7
31/08/1981,2.32,16.8,2.48,145.37,0.46,8
30/09/1981,3.15,14.32,1.82,151.56,0.48,9
31/10/1981,5.48,8.21,0.85,735.58,2.33,10
30/11/1981,2.4,5.09,0.56,401.34,1.27,11
31/12/1981,5.21,1.28,0.3,1185.95,3.76,12
31/01/1982,3.39,1.71,0.38,1161.42,3.68,1
28/02/1982,0.59,2.32,0.76,575.03,1.82,2
31/03/1982,3.04,4.61,1.21,534.33,1.69,3
30/04/1982,1.24,7.19,2.02,328.41,1.04,4
31/05/1982,1.65,12.78,2.8,197.3,0.63,5
30/06/1982,3.6,16.38,2.93,209.94,0.66,6
31/07/1982,1.73,19.1,3.26,155.25,0.49,7
31/08/1982,2.23,16.77,2.47,163.21,0.52,8
30/09/1982,1.74,16.46,2.2,107.94,0.34,9
31/10/1982,5.26,9.66,0.82,489.67,1.55,10
30/11/1982,2.79,6.51,0.55,431.53,1.37,11
31/12/1982,4.64,2.73,0.33,1082.98,3.43,12
31/01/1983,3.03,3.93,0.4,654.62,2.07,1
28/02/1983,2.39,1.1,0.67,649.77,2.06,2
31/03/1983,2.39,5.0,1.07,568.71,1.8,3
30/04/1983,4.86,8.33,1.6,1124.45,3.56,4
31/05/1983,5.98,10.17,1.73,1154.43,3.66,5
30/06/1983,1.81,16.59,3.07,419.95,1.33,6
31/07/1983,0.98,21.55,3.86,160.32,0.51,7
31/08/1983,0.73,19.06,2.97,93.48,0.3,8
30/09/1983,2.49,13.98,1.78,120.45,0.38,9
31/10/1983,1.55,9.5,1.06,121.95,0.39,10
30/11/1983,2.4,4.37,0.56,148.96,0.47,11
31/12/1983,2.17,2.7,0.38,288.42,0.91,12
31/01/1984,5.51,1.91,0.37,817.44,2.59,1
29/02/1984,3.51,1.51,0.67,1003.26,3.18,2
31/03/1984,1.61,3.27,1.22,360.02,1.14,3
30/04/1984,1.42,7.39,2.13,459.16,1.45,4
31/05/1984,4.08,9.74,1.78,277.24,0.88,5
30/06/1984,1.88,14.11,2.88,393.68,1.25,6
31/07/1984,1.93,16.76,3.04,149.35,0.47,7
31/08/1984,1.36,17.46,2.5,117.39,0.37,8
30/09/1984,5.09,12.66,1.3,239.59,0.76,9
31/10/1984,2.99,10.3,0.88,362.96,1.15,10
30/11/1984,3.16,6.55,0.51,487.9,1.55,11
31/12/1984,1.45,2.24,0.34,355.87,1.13,12
31/01/1985,2.03,0.95,0.32,475.48,1.51,1
28/02/1985,1.18,2.07,0.76,471.5,1.49,2
31/03/1985,2.37,3.55,0.95,373.06,1.18,3
30/04/1985,2.51,8.24,1.77,439.57,1.39,4
31/05/1985,2.01,12.96,2.27,321.39,1.02,5
30/06/1985,3.6,13.46,2.54,241.67,0.77,6
31/07/1985,1.69,17.91,3.38,144.48,0.46,7
31/08/1985,2.27,15.91,2.55,122.95,0.39,8
30/09/1985,1.39,14.66,2.05,103.04,0.33,9
31/10/1985,0.61,9.32,1.23,81.07,0.26,10
30/11/1985,3.1,2.17,0.43,130.51,0.41,11
31/12/1985,2.04,4.63,0.4,251.42,0.8,12
31/01/1986,4.46,1.83,0.38,851.9,2.7,1
28/02/1986,0.48,0.08,0.6,257.68,0.82,2
31/03/1986,3.79,3.96,1.01,514.29,1.63,3
30/04/1986,2.91,5.93,1.34,845.53,2.68,4
31/05/1986,2.26,13.66,2.53,414.9,1.32,5
30/06/1986,2.35,16.71,3.19,292.43,0.93,6
31/07/1986,1.78,17.11,3.05,148.95,0.47,7
31/08/1986,2.63,16.16,2.41,125.83,0.4,8
30/09/1986,3.08,11.75,1.83,252.57,0.8,9
31/10/1986,3.8,10.73,1.08,374.03,1.19,10
30/11/1986,1.97,6.25,0.57,427.47,1.36,11
31/12/1986,3.4,3.19,0.38,539.71,1.71,12
31/01/1987,1.39,0.57,0.33,685.03,2.17,1
28/02/1987,2.82,1.87,0.52,421.14,1.34,2
31/03/1987,2.82,2.51,1.11,740.39,2.35,3
30/04/1987,1.2,9.99,2.13,364.77,1.16,4
31/05/1987,2.75,9.69,2.16,295.16,0.94,5
30/06/1987,4.63,14.02,2.33,557.43,1.77,6
31/07/1987,3.83,17.04,2.94,318.68,1.01,7
31/08/1987,2.29,16.34,2.47,262.45,0.83,8
30/09/1987,2.62,15.71,1.71,204.07,0.65,9
31/10/1987,4.2,10.22,0.97,438.61,1.39,10
30/11/1987,2.8,4.89,0.49,418.37,1.33,11
31/12/1987,1.32,3.34,0.37,423.03,1.34,12
31/01/1988,4.6,4.48,0.4,779.16,2.47,1
29/02/1988,4.24,2.42,0.69,1073.79,3.4,2
31/03/1988,4.92,4.11,0.88,1120.39,3.55,3
30/04/1988,0.78,8.98,2.16,433.07,1.37,4
31/05/1988,2.94,14.17,2.59,222.97,0.71,5
30/06/1988,1.74,15.2,2.73,198.93,0.63,6
31/07/1988,2.88,16.24,2.89,166.58,0.53,7
31/08/1988,1.25,17.54,2.88,103.21,0.33,8
30/09/1988,2.55,13.36,1.54,123.07,0.39,9
31/10/1988,3.37,10.53,0.95,268.52,0.85,10
30/11/1988,1.73,3.93,0.54,156.1,0.49,11
31/12/1988,3.17,4.67,0.33,736.42,2.33,12
31/01/1989,0.83,2.61,0.41,287.1,0.91,1
28/02/1989,2.52,3.2,0.58,292.18,0.92,2
31/03/1989,2.45,8.06,1.42,574.26,1.82,3
30/04/1989,4.44,6.84,1.38,720.63,2.28,4
31/05/1989,1.45,14.85,3.58,276.74,0.88,5
30/06/1989,2.1,15.38,3.19,138.93,0.44,6
31/07/1989,2.18,18.32,3.19,123.34,0.39,7
31/08/1989,1.87,17.52,2.77,101.53,0.32,8
30/09/1989,1.54,14.53,1.87,88.15,0.28,9
31/10/1989,2.27,11.16,1.12,94.09,0.3,10
30/11/1989,1.72,4.01,0.63,182.45,0.58,11
31/12/1989,4.63,3.93,0.4,552.45,1.75,12
31/01/1990,2.46,2.94,0.37,405.58,1.29,1
28/02/1990,4.99,6.55,0.87,820.89,2.6,2
31/03/1990,0.75,7.43,1.41,466.9,1.48,3
30/04/1990,1.66,7.41,1.8,188.63,0.6,4
31/05/1990,0.95,14.38,3.36,128.11,0.41,5
30/06/1990,3.85,14.83,2.49,129.86,0.41,6
31/07/1990,1.59,17.49,3.53,144.0,0.46,7
31/08/1990,2.29,19.1,2.94,77.29,0.25,8
30/09/1990,2.31,12.23,1.62,90.55,0.29,9
31/10/1990,2.79,11.17,1.16,138.74,0.44,10
30/11/1990,2.98,4.92,0.49,375.9,1.19,11
31/12/1990,3.44,1.87,0.33,441.61,1.4,12
31/01/1991,3.04,2.41,0.44,1011.29,3.21,1
28/02/1991,0.98,1.76,0.73,251.14,0.8,2
31/03/1991,1.36,7.73,1.15,348.71,1.11,3
30/04/1991,1.41,7.55,2.02,160.2,0.51,4
31/05/1991,0.44,10.22,2.57,136.49,0.43,5
30/06/1991,2.5,13.23,2.27,107.52,0.34,6
31/07/1991,2.06,19.53,3.48,87.14,0.28,7
31/08/1991,0.44,19.38,3.36,66.92,0.21,8
30/09/1991,2.26,15.86,2.04,68.19,0.22,9
31/10/1991,1.73,8.79,0.94,114.2,0.36,10
30/11/1991,3.67,4.16,0.5,317.51,1.01,11
31/12/1991,2.62,1.98,0.36,415.03,1.31,12
31/01/1992,0.91,2.0,0.42,251.42,0.8,1
29/02/1992,1.81,3.44,0.68,373.62,1.18,2
31/03/1992,3.17,5.86,1.07,498.13,1.58,3
30/04/1992,1.53,8.3,1.82,321.03,1.02,4
31/05/1992,1.48,14.71,2.99,163.58,0.52,5
30/06/1992,2.76,16.37,2.84,136.57,0.43,6
31/07/1992,2.58,18.55,3.0,101.12,0.32,7
31/08/1992,2.87,18.97,2.74,68.94,0.22,8
30/09/1992,1.51,13.68,1.78,121.83,0.39,9
31/10/1992,3.25,6.93,0.83,156.96,0.5,10
30/11/1992,4.42,6.39,0.5,565.63,1.79,11
31/12/1992,2.25,3.27,0.39,584.97,1.85,12
31/01/1993,3.53,4.82,0.43,658.74,2.09,1
28/02/1993,0.91,0.74,0.54,279.75,0.89,2
31/03/1993,0.34,5.19,1.39,188.0,0.6,3
30/04/1993,1.24,10.85,2.04,124.09,0.39,4
31/05/1993,3.09,14.2,2.56,152.25,0.48,5
30/06/1993,1.2,16.59,3.1,108.54,0.35,6
31/07/1993,3.18,16.7,2.74,112.96,0.36,7
31/08/1993,0.84,16.54,2.92,96.55,0.31,8
30/09/1993,4.52,12.72,1.48,158.16,0.5,9
31/10/1993,3.09,8.14,0.79,348.42,1.1,10
30/11/1993,0.9,2.69,0.49,160.37,0.51,11
31/12/1993,8.36,4.03,0.32,1321.1,4.19,12
31/01/1994,4.19,3.42,0.41,1307.55,4.14,1
28/02/1994,1.8,2.68,0.6,632.64,2.0,2
31/03/1994,2.74,7.39,1.14,558.68,1.77,3
30/04/1994,2.43,7.93,1.7,576.63,1.83,4
31/05/1994,2.58,12.52,2.36,244.45,0.77,5
30/06/1994,1.84,16.63,3.35,192.53,0.61,6
31/07/1994,1.78,21.67,3.67,90.86,0.29,7
31/08/1994,2.5,17.86,2.63,84.51,0.27,8
30/09/1994,4.13,13.21,1.44,188.64,0.6,9
31/10/1994,2.33,9.15,1.18,136.81,0.43,10
30/11/1994,1.49,8.65,0.52,243.77,0.77,11
31/12/1994,3.2,4.69,0.38,395.74,1.25,12
31/01/1995,6.91,2.7,0.42,1398.45,4.43,1
28/02/1995,3.55,5.26,0.66,1039.68,3.3,2
31/03/1995,3.84,3.98,1.18,813.0,2.58,3
30/04/1995,2.43,8.78,1.59,577.77,1.83,4
31/05/1995,2.24,12.93,2.65,290.71,0.92,5
30/06/1995,1.64,14.75,2.72,258.0,0.82,6
31/07/1995,2.75,20.79,3.55,147.68,0.47,7
31/08/1995,1.74,18.81,2.87,102.37,0.32,8
30/09/1995,3.43,12.44,1.4,173.2,0.55,9
31/10/1995,1.3,12.8,1.07,161.39,0.51,10
30/11/1995,1.48,4.88,0.54,171.79,0.54,11
31/12/1995,2.37,1.41,0.33,290.73,0.92,12
31/01/1996,0.38,1.3,0.39,206.61,0.65,1
29/02/1996,2.46,1.28,0.6,341.79,1.08,2
31/03/1996,0.66,3.21,1.16,213.52,0.68,3
30/04/1996,0.48,9.17,2.24,107.84,0.34,4
31/05/1996,2.75,10.91,2.03,136.91,0.43,5
30/06/1996,1.14,16.28,3.26,95.84,0.3,6
31/07/1996,1.89,16.63,3.14,86.6,0.27,7
31/08/1996,2.5,17.19,2.6,66.93,0.21,8
30/09/1996,0.99,11.64,1.71,59.92,0.19,9
31/10/1996,2.39,9.72,0.97,91.91,0.29,10
30/11/1996,5.21,4.55,0.43,506.12,1.6,11
31/12/1996,1.82,1.72,0.33,493.68,1.56,12
31/01/1997,0.77,1.04,0.37,313.03,0.99,1
28/02/1997,4.56,4.74,0.74,750.54,2.38,2
31/03/1997,1.13,7.7,1.29,456.55,1.45,3
30/04/1997,1.04,7.56,2.08,139.83,0.44,4
31/05/1997,2.88,12.97,2.84,199.13,0.63,5
30/06/1997,5.89,15.51,2.65,283.4,0.9,6
31/07/1997,1.97,17.14,3.02,221.26,0.7,7
31/08/1997,1.32,20.5,3.05,92.98,0.3,8
30/09/1997,0.93,14.88,2.26,79.31,0.25,9
31/10/1997,2.11,8.77,1.13,111.11,0.35,10
30/11/1997,3.1,5.29,0.55,211.33,0.67,11
31/12/1997,3.56,3.37,0.35,596.65,1.89,12
31/01/1998,2.75,3.58,0.44,658.42,2.09,1
28/02/1998,0.38,4.79,0.85,198.61,0.63,2
31/03/1998,1.66,6.1,1.21,291.32,0.92,3
30/04/1998,4.42,8.23,1.48,561.47,1.78,4
31/05/1998,1.89,14.46,2.8,250.65,0.79,5
30/06/1998,2.13,16.4,2.93,147.0,0.47,6
31/07/1998,1.86,16.36,2.43,89.69,0.28,7
31/08/1998,1.25,17.64,2.88,73.89,0.23,8
30/09/1998,3.74,13.77,1.45,166.13,0.53,9
31/10/1998,6.68,8.93,0.74,432.55,1.37,10
30/11/1998,2.28,2.9,0.48,763.27,2.42,11
31/12/1998,2.02,2.74,0.36,523.84,1.66,12
31/01/1999,2.61,3.84,0.46,563.71,1.79,1
28/02/1999,2.94,2.08,0.62,781.25,2.48,2
31/03/1999,2.71,6.26,1.19,864.32,2.74,3
30/04/1999,2.29,9.11,1.78,454.83,1.44,4
31/05/1999,1.36,14.32,2.57,245.94,0.78,5
30/06/1999,2.59,15.26,2.91,151.3,0.48,6
31/07/1999,1.86,19.23,3.21,118.98,0.38,7
31/08/1999,2.52,17.73,2.52,100.32,0.32,8
30/09/1999,2.1,17.08,2.09,67.04,0.21,9
31/10/1999,2.57,9.47,1.06,187.13,0.59,10
30/11/1999,1.79,3.97,0.51,181.27,0.57,11
31/12/1999,6.21,2.93,0.33,1109.9,3.52,12
31/01/2000,1.43,2.6,0.42,524.42,1.66,1
29/02/2000,3.28,4.14,0.72,792.79,2.51,2
31/03/2000,2.69,5.81,1.08,574.52,1.82,3
30/04/2000,1.89,9.82,1.94,387.6,1.23,4
31/05/2000,3.13,14.47,2.45,227.61,0.72,5
30/06/2000,1.37,17.29,3.55,209.49,0.66,6
31/07/2000,5.86,15.2,2.36,312.68,0.99,7
31/08/2000,2.01,18.27,2.96,196.97,0.62,8
30/09/2000,3.66,14.87,1.64,205.87,0.65,9
31/10/2000,3.19,10.45,0.91,334.1,1.06,10
30/11/2000,4.28,6.68,0.51,756.3,2.4,11
31/12/2000,2.82,4.93,0.39,621.61,1.97,12
31/01/2001,3.82,2.77,0.46,877.81,2.78,1
28/02/2001,2.55,3.91,0.73,684.96,2.17,2
31/03/2001,5.24,6.27,0.93,1172.68,3.72,3
30/04/2001,3.86,7.26,1.49,727.07,2.3,4
31/05/2001,0.81,14.9,3.02,420.39,1.33,5
30/06/2001,2.09,14.88,2.87,157.18,0.5,6
31/07/2001,2.99,18.74,3.19,131.09,0.42,7
31/08/2001,1.93,18.87,2.81,95.34,0.3,8
30/09/2001,3.76,11.62,1.29,231.26,0.73,9
31/10/2001,2.03,13.16,1.16,223.42,0.71,10
30/11/2001,3.32,4.04,0.58,353.57,1.12,11
31/12/2001,2.98,1.92,0.42,528.0,1.67,12
31/01/2002,1.93,2.83,0.42,727.32,2.31,1
28/02/2002,6.25,5.66,0.74,1194.57,3.78,2
31/03/2002,2.53,6.38,1.33,846.61,2.68,3
30/04/2002,1.48,8.83,2.06,246.2,0.78,4
31/05/2002,2.09,12.99,2.41,223.39,0.71,5
30/06/2002,1.38,17.7,3.13,131.85,0.42,6
31/07/2002,2.15,17.55,2.64,102.15,0.32,7
31/08/2002,3.3,18.06,2.25,114.58,0.36,8
30/09/2002,1.55,13.35,1.96,95.59,0.3,9
31/10/2002,4.24,9.59,0.95,236.39,0.75,10
30/11/2002,4.7,7.39,0.5,755.61,2.4,11
31/12/2002,3.01,4.15,0.35,530.1,1.68,12
31/01/2003,3.92,2.12,0.39,1004.15,3.18,1
28/02/2003,0.9,1.45,0.88,468.8,1.49,2
31/03/2003,1.17,7.59,1.61,334.62,1.06,3
30/04/2003,1.5,9.31,2.2,144.31,0.46,4
31/05/2003,2.89,13.86,2.57,149.03,0.47,5
30/06/2003,1.54,20.03,3.66,95.24,0.3,6
31/07/2003,1.76,19.43,3.3,67.56,0.21,7
31/08/2003,1.5,21.96,3.55,55.14,0.18,8
30/09/2003,1.52,14.65,2.33,59.67,0.19,9
31/10/2003,2.6,7.03,0.98,79.58,0.25,10
30/11/2003,2.17,6.86,0.59,105.96,0.34,11
31/12/2003,1.93,2.84,0.41,171.87,0.55,12
31/01/2004,4.23,1.99,0.37,704.39,2.23,1
29/02/2004,1.2,3.48,0.67,383.62,1.22,2
31/03/2004,1.28,4.95,1.24,192.23,0.61,3
30/04/2004,1.68,9.71,1.99,157.37,0.5,4
31/05/2004,2.19,11.85,2.67,207.32,0.66,5
30/06/2004,1.92,15.79,2.9,104.75,0.33,6
31/07/2004,2.74,17.31,2.78,80.89,0.26,7
31/08/2004,4.34,18.52,2.4,111.64,0.35,8
30/09/2004,1.46,14.94,2.04,88.89,0.28,9
31/10/2004,2.92,10.81,0.99,180.1,0.57,10
30/11/2004,1.65,4.59,0.49,240.53,0.76,11
31/12/2004,1.91,1.47,0.34,288.74,0.92,12
31/01/2005,2.03,3.02,0.46,432.48,1.37,1
28/02/2005,2.52,1.3,0.6,454.04,1.44,2
31/03/2005,1.23,6.27,1.18,325.29,1.03,3
30/04/2005,2.34,9.99,1.9,314.6,1.0,4
31/05/2005,2.49,13.29,2.61,194.23,0.62,5
30/06/2005,1.43,17.74,3.34,99.56,0.32,6
31/07/2005,2.93,18.48,2.9,88.22,0.28,7
31/08/2005,1.76,16.06,2.41,76.45,0.24,8
30/09/2005,1.94,15.94,2.08,79.87,0.25,9
31/10/2005,1.85,12.89,1.27,77.96,0.25,10
30/11/2005,1.93,4.96,0.55,82.9,0.26,11
31/12/2005,2.29,1.83,0.34,191.4,0.61,12
31/01/2006,1.06,0.81,0.46,238.03,0.75,1
28/02/2006,2.08,1.59,0.54,358.11,1.13,2
31/03/2006,3.4,3.97,1.06,595.26,1.89,3
30/04/2006,1.44,8.78,1.85,425.07,1.35,4
31/05/2006,3.72,13.62,2.36,256.26,0.81,5
30/06/2006,1.33,17.4,3.49,185.87,0.59,6
31/07/2006,0.83,23.15,4.0,77.96,0.25,7
31/08/2006,5.46,15.56,1.89,150.3,0.48,8
30/09/2006,0.94,17.57,2.04,161.56,0.51,9
31/10/2006,3.32,13.08,1.12,410.06,1.3,10
30/11/2006,2.4,7.64,0.6,277.33,0.88,11
31/12/2006,2.07,4.28,0.42,332.42,1.05,12
